i;CO2 Emissionsfaktor [g/kWh]
0;412,8
1;408,4
2;404,3
3;400,1
4;394,3
5;390,3
6;385,2
7;381,9
8;407
9;376,8
10;371
11;396,8
12;365,9
13;361
14;356,6
15;352,2
16;347,9
17;343,5
18;339,2
19;385,2
20;380,8
21;332,9
22;327
23;322,7
24;318,3
25;314
26;309,2
27;375
28;370,7
29;305,2
30;299,9
31;295,5
32;291,2
33;286,8
34;282,5
35;278,1
36;351,8
37;347,4
38;343
39;338,7
40;273,6
41;268,4
42;264
43;259,7
44;321,2
45;316,9
46;312,5
47;256,2
48;289,2
49;284,9
50;279,8
51;251,5
52;274,7
53;270,4
54;266
55;261,6
56;257,3
57;318,7
58;313,5
59;309,1
60;304,8
61;300,4
62;296
63;291,7
64;287,3
65;283
66;278,6
67;358
68;352,8
69;348,4
70;344
71;339,7
72;335,3
73;331
74;326,6
75;322,7
76;251,5
77;394,8
78;389,1
79;384,8
80;380,4
81;376
82;371,7
83;367,3
84;362,9
85;273,3
86;268,9
87;264,5
88;318,4
89;314
90;309,6
91;303,8
92;357,6
93;353,3
94;348,9
95;343,1
96;397,4
97;392,5
98;388,2
99;382,3
100;402,5
101;397,4
102;407,1
103;401,3
104;407,8
105;394,3
106;402,7
107;398,4
108;393,3
109;390
110;384,2
111;394
112;380,5
113;375,5
114;370,2
115;364,5
116;385,3
117;360,8
118;376,6
119;367,9
120;356,6
121;359,2
122;350,8
123;345,6
124;341,2
125;336,9
126;332,5
127;328,1
128;322,8
129;317
130;312,6
131;308,3
132;303,9
133;299,2
134;354,8
135;293,7
136;287,9
137;283,6
138;279,2
139;274,8
140;270,1
141;338,8
142;334,5
143;330,1
144;264,3
145;259,3
146;255
147;250,6
148;247
149;310,3
150;304,4
151;300,1
152;342,8
153;325,4
154;320,4
155;316
156;294,8
157;289,9
158;285,5
159;282,1
160;277,8
161;273,4
162;269
163;386,2
164;380,5
165;376,2
166;371,8
167;367,4
168;363,1
169;358,7
170;354,3
171;350
172;346,1
173;337,7
174;332,5
175;328,7
176;264,7
177;260,3
178;255,9
179;251,6
180;248
181;405,7
182;401,4
183;397
184;392,6
185;309,8
186;305,4
187;301
188;387,8
189;382,5
190;378,1
191;373,7
192;369,4
193;365
194;360,7
195;356,3
196;351,9
197;347,6
198;343,2
199;338,8
200;334,5
201;330,1
202;325,8
203;321,4
204;317
205;312,7
206;296,7
207;398,5
208;394,1
209;306,9
210;301,8
211;289,4
212;283,6
213;279,2
214;274,9
215;270,5
216;266,1
217;261,8
218;257,4
219;253,1
220;248,9
221;314,1
222;296,7
223;271,5
224;266,2
225;262,3
226;257,9
227;253,8
228;252,4
229;299,6
230;293,8
231;289,4
232;285,1
233;280,7
234;276,3
235;335,4
236;329,7
237;325,3
238;320,9
239;316,6
240;312,2
241;307,9
242;304
243;270
244;264,7
245;260,4
246;256,7
247;372
248;367
249;362,6
250;358,3
251;353,9
252;349,5
253;345,2
254;340,8
255;389,4
256;384,4
257;380,1
258;376,7
259;298,2
260;293,8
261;289,4
262;285,1
263;334,5
264;330,2
265;325,8
266;321,4
267;372,9
268;367
269;362,9
270;358,3
271;388,3
272;384
273;379,6
274;370,9
275;366
276;361,9
277;360
278;388
279;383
280;378,7
281;374,3
282;369,9
283;366,1
284;362,9
285;407,3
286;401,4
287;397,1
288;392,7
289;428
290;422,8
291;418,4
292;414,1
293;447,6
294;442,7
295;438,3
296;433,9
297;386,9
298;382,5
299;471,6
300;466,4
301;462
302;457,7
303;453,3
304;410,2
305;405,8
306;401,5
307;496
308;490,2
309;485,8
310;481,4
311;477,1
312;430,5
313;426,2
314;421,8
315;518,7
316;512,9
317;508,6
318;504,2
319;500,3
320;449,4
321;445,1
322;440,7
323;525,1
324;472,7
325;468,4
326;464
327;494,9
328;489,7
329;485,6
330;520
331;515,6
332;511,3
333;506,2
334;501,8
335;497,4
336;480,6
337;474,7
338;471,5
339;491,6
340;487,3
341;509,5
342;504,2
343;499,9
344;495,5
345;526,9
346;521,7
347;517,3
348;513,5
349;484,4
350;478,6
351;472,7
352;542
353;536,2
354;531,9
355;490,2
356;556,7
357;551,8
358;547,4
359;509,1
360;503,3
361;569,6
362;563,9
363;560
364;526,6
365;520,7
366;584,4
367;579,4
368;575
369;539,6
370;589,6
371;552,7
372;568,7
373;584,7
374;580,4
375;575
376;562,6
377;558,9
378;553,8
379;549,1
380;568,7
381;562,9
382;558,6
383;546,7
384;551,3
385;543
386;537,7
387;545,5
388;533,1
389;528,1
390;523,7
391;519,3
392;516,1
393;511
394;505,8
395;501,4
396;496,4
397;539,7
398;491,7
399;485,9
400;481,5
401;477,2
402;473,9
403;523,7
404;519,3
405;515
406;470,3
407;465,1
408;460,7
409;456,3
410;452
411;450,3
412;503,4
413;499
414;446,6
415;442,3
416;437,9
417;433,6
418;429,2
419;424,8
420;481,5
421;477,2
422;420,5
423;416,1
424;411,8
425;407,4
426;403
427;398,7
428;459,7
429;455,4
430;451
431;394,3
432;389,9
433;385,6
434;381,2
435;376,9
436;372,5
437;433,6
438;429,2
439;424,8
440;368,1
441;363,8
442;359,4
443;355,1
444;350,7
445;346,3
446;342,2
447;407,4
448;403
449;398,7
450;338
451;332,8
452;328,4
453;324
454;319,7
455;314,7
456;381,2
457;376,9
458;372,5
459;310,7
460;305,6
461;301,3
462;296,9
463;292,5
464;288,2
465;283,8
466;353,6
467;349,2
468;344,9
469;279
470;274,6
471;270,2
472;265,9
473;326
474;321,6
475;317,3
476;261,1
477;296,9
478;292,5
479;288,2
480;283,8
481;267,8
482;256,3
483;262
484;257,8
485;253,3
486;260,6
487;255,7
488;251,4
489;247
490;242,7
491;238,1
492;233
493;228,6
494;223,3
495;244,6
496;218,4
497;214,1
498;210
499;235,9
500;205,4
501;201
502;196,9
503;227,2
504;222,8
505;191,9
506;186,5
507;214,1
508;208,3
509;183,2
510;178,5
511;202,5
512;196,6
513;238,5
514;233,5
515;229,1
516;224,8
517;220,4
518;190,3
519;262,7
520;256,8
521;252,4
522;248
523;243,7
524;214,6
525;209
526;184,3
527;269
528;205,4
529;274,5
530;238,8
531;234,5
532;230,1
533;279,5
534;262,1
535;257,7
536;253,4
537;285
538;268,6
539;289,7
540;273,7
541;295,9
542;279,6
543;300,9
544;283,9
545;319,9
546;314,9
547;310,6
548;306,2
549;290,5
550;352,3
551;346,5
552;342,1
553;337,7
554;333,4
555;329
556;324,6
557;295,6
558;385,7
559;379,9
560;375,5
561;371,2
562;366,8
563;362,5
564;358,1
565;302,8
566;299,2
567;419,5
568;414,3
569;410
570;405,6
571;401,2
572;396,9
573;392,5
574;318,8
575;314,5
576;310,1
577;306,5
578;439,5
579;433,7
580;429,4
581;425
582;352,3
583;347,9
584;343,6
585;339,9
586;458,1
587;453,1
588;448,7
589;445,3
590;388,6
591;384,3
592;379,9
593;375,6
594;371,9
595;477,7
596;472,5
597;468,1
598;463,8
599;420,6
600;416,3
601;411,9
602;406,1
603;493,3
604;487,5
605;483,2
606;441
607;436,6
608;433
609;459,9
610;455,5
611;451,9
612;479,3
613;474,4
614;470,8
615;497,1
616;491,4
617;489,7
618;486,1
619;481,7
620;477,4
621;473
622;468,6
623;464,3
624;459,9
625;455,6
626;451,2
627;446,8
628;442,5
629;438,1
630;433,7
631;429,6
632;499,2
633;494,8
634;490,5
635;425,4
636;420,2
637;415,8
638;411,5
639;407,1
640;402,7
641;398,4
642;394
643;389,6
644;385,3
645;486,1
646;380,9
647;376,6
648;372,2
649;367,8
650;363,5
651;359,1
652;354,8
653;350,4
654;346
655;341,7
656;337,5
657;449,8
658;445,4
659;441
660;436,7
661;432,3
662;331,6
663;326,6
664;322,3
665;317,9
666;313,6
667;309,2
668;304,8
669;300,5
670;403,2
671;398,9
672;394,5
673;390,1
674;385,8
675;294,5
676;289,3
677;285
678;280,6
679;276,2
680;271,9
681;267,5
682;263,4
683;358,2
684;353,8
685;349,4
686;345,1
687;340,7
688;336,3
689;257,5
690;252,5
691;248,1
692;243,8
693;239,4
694;235
695;230,7
696;227,7
697;316
698;311,6
699;307,3
700;302,9
701;298,5
702;223,7
703;218,6
704;214,2
705;209,8
706;205,5
707;201,1
708;197
709;279,6
710;275,3
711;270,9
712;266,6
713;262,2
714;243,3
715;238,9
716;234,6
717;230,2
718;206,9
719;200,7
720;196,8
721;198,7
722;194,8
723;207,6
724;201,6
725;197,5
726;193,5
727;214,3
728;223
729;218,6
730;253,9
731;248,7
732;244,3
733;239,9
734;235,6
735;231,2
736;226,9
737;210,6
738;205,5
739;284,6
740;278,7
741;274,4
742;270
743;265,6
744;261,3
745;257,2
746;214,3
747;312,8
748;307,8
749;303,5
750;299,1
751;294,7
752;290,4
753;220,1
754;343,1
755;337,4
756;333
757;328,7
758;324,3
759;319,9
760;316,1
761;252,1
762;247,7
763;241,9
764;375,3
765;370,3
766;366
767;361,6
768;357,3
769;352,9
770;348,5
771;284,1
772;279,7
773;275,3
774;271,7
775;405,6
776;399,9
777;395,6
778;391,2
779;386,8
780;382,5
781;378,6
782;310,2
783;305,9
784;302,2
785;437,8
786;432,9
787;428,5
788;424,2
789;419,8
790;415,4
791;411,1
792;342,2
793;337,9
794;333,5
795;446,6
796;442,6
797;372,4
798;367,5
799;363,1
800;405,4
801;399,4
802;395,1
803;390,7
804;386,4
805;382
806;377,6
807;357,4
808;351,5
809;347,1
810;438,2
811;433,9
812;429,5
813;425,1
814;420,8
815;416,4
816;412
817;342,3
818;337,9
819;333,5
820;329,2
821;324,8
822;320,4
823;316,1
824;311,7
825;307,4
826;303
827;298,6
828;294,3
829;289,9
830;285,5
831;281,2
832;372,8
833;368,4
834;364,1
835;276,8
836;272,5
837;268,1
838;263,7
839;259,4
840;255
841;250,7
842;246,3
843;241,9
844;237,6
845;233,2
846;228,8
847;223,8
848;359,7
849;355,3
850;351
851;346,6
852;220,1
853;215,8
854;211,4
855;207,3
856;307,4
857;303
858;298,6
859;294,3
860;289,9
861;285,6
862;281,2
863;202,3
864;197,3
865;194,3
866;246,3
867;241,9
868;237,6
869;233,2
870;228,9
871;224,5
872;189,2
873;184,3
874;179,9
875;212,9
876;207
877;173,6
878;169,6
879;198,7
880;193,5
881;187,3
882;182,3
883;178
884;220,7
885;214,8
886;210,5
887;206,1
888;201,7
889;172,2
890;227,4
891;196,9
892;192,5
893;222,6
894;217,7
895;213,4
896;210,3
897;205,9
898;203,4
899;222
900;216,8
901;212,4
902;230,9
903;225,3
904;208,5
905;238
906;243,1
907;220,2
908;231,8
909;228,2
910;249,9
911;238
912;243,5
913;230,6
914;252,2
915;247,8
916;239,1
917;234,7
918;226
919;221,7
920;217,5
921;243,5
922;212,9
923;208,6
924;204,5
925;230,4
926;199,9
927;194,8
928;221,7
929;217,3
930;191,1
931;186,8
932;182,4
933;208,6
934;204,2
935;177,7
936;172,7
937;169,7
938;195,5
939;165
940;159,9
941;183,9
942;172,6
943;167,9
944;163,5
945;159,9
946;188,6
947;183,4
948;179
949;212,6
950;207,6
951;203,3
952;198,9
953;194,6
954;173,7
955;236,8
956;230,9
957;226,6
958;222,2
959;217,8
960;261
961;256,6
962;252,2
963;247,9
964;243,5
965;191,2
966;186,8
967;182,4
968;178,8
969;265,3
970;213
971;208,6
972;204,3
973;239,2
974;234,8
975;229
976;260,4
977;254,7
978;250,3
979;284,8
980;278,9
981;274,6
982;270,2
983;265,8
984;313,7
985;308,5
986;304,1
987;299,8
988;295,4
989;291
990;261
991;256,6
992;252,3
993;248,6
994;343,9
995;338,1
996;333,7
997;329,3
998;325
999;320,6
1000;316,3
1001;368,6
1002;362,8
1003;358,4
1004;354,1
1005;349,7
1006;285,7
1007;281,4
1008;277
1009;272,6
1010;389,6
1011;383,6
1012;379,3
1013;374,9
1014;310,4
1015;306,1
1016;302,4
1017;409,3
1018;405
1019;400,6
1020;396,2
1021;343,9
1022;339,5
1023;335,2
1024;331,5
1025;431,1
1026;426,8
1027;422,4
1028;418,1
1029;413,7
1030;370,8
1031;365,7
1032;361,3
1033;435,5
1034;391,9
1035;387,5
1036;382,4
1037;409,7
1038;404,5
1039;400,1
1040;395,8
1041;379,2
1042;374
1043;431,2
1044;426,8
1045;421,7
1046;417,3
1047;413,7
1048;370,1
1049;364,8
1050;360,4
1051;356
1052;351,7
1053;347,3
1054;342,9
1055;338,6
1056;334,5
1057;390,4
1058;386,1
1059;329,4
1060;325
1061;320,7
1062;316,3
1063;311,9
1064;307,6
1065;303,2
1066;381,7
1067;377,4
1068;298,8
1069;294,5
1070;290,1
1071;285,8
1072;281,4
1073;277
1074;272,7
1075;268,3
1076;351,2
1077;346,8
1078;342,5
1079;338,1
1080;333,7
1081;264
1082;259,6
1083;255,2
1084;250,9
1085;246,5
1086;242,1
1087;237,8
1088;233,4
1089;316,3
1090;311,9
1091;307,6
1092;303,2
1093;228,7
1094;223,7
1095;219,4
1096;215
1097;210,6
1098;206,3
1099;201,9
1100;198,9
1101;281,4
1102;277
1103;272,7
1104;268,3
1105;193,6
1106;187,9
1107;183,5
1108;180,1
1109;248
1110;243,6
1111;239,2
1112;234,9
1113;213,6
1114;208
1115;202,9
1116;198,5
1117;192,7
1118;187,6
1119;182,5
1120;250,9
1121;245,1
1122;240,7
1123;236,4
1124;232
1125;227,6
1126;223,3
1127;218,9
1128;310,5
1129;304,7
1130;300,3
1131;296
1132;291,6
1133;287,2
1134;282,9
1135;278,5
1136;274,2
1137;269,8
1138;265,4
1139;261,1
1140;256,7
1141;213,8
1142;209,5
1143;205,1
1144;201,1
1145;197,1
1146;370,1
1147;364,3
1148;360
1149;355,6
1150;351,2
1151;346,9
1152;342,5
1153;338,1
1154;333,8
1155;329,4
1156;325,1
1157;320,7
1158;316,3
1159;425,4
1160;419,6
1161;415,2
1162;410,9
1163;406,5
1164;402,1
1165;397,8
1166;393,4
1167;389
1168;384,7
1169;380,3
1170;376
1171;250,9
1172;246,5
1173;242,2
1174;237,8
1175;233,5
1176;229,1
1177;224,7
1178;437
1179;431,2
1180;310,5
1181;306,2
1182;301,8
1183;297,4
1184;293,1
1185;288,7
1186;285,1
1187;449
1188;443,8
1189;370,1
1190;365,8
1191;361,4
1192;357,1
1193;352,7
1194;348,3
1195;344,7
1196;460,3
1197;454,5
1198;425,4
1199;421
1200;416,7
1201;412,3
1202;408
1203;404,3
1204;469,9
1205;464,7
1206;439,9
1207;434,1
1208;475,9
1209;450,1
1210;445,8
1211;481,2
1212;458,9
1213;487,1
1214;470,3
1215;476,3
1216;480,7
1217;489,4
1218;485
1219;471,6
1220;466,6
1221;462,3
1222;457,9
1223;476,3
1224;454,2
1225;448,7
1226;444,3
1227;438,5
1228;432,7
1229;428,4
1230;424
1231;419,6
1232;415,3
1233;461,8
1234;409,1
1235;404,1
1236;399,8
1237;395,4
1238;391
1239;386,2
1240;450,2
1241;445,8
1242;380,7
1243;375,5
1244;371,2
1245;366,8
1246;362,4
1247;358,1
1248;354
1249;426,9
1250;422,5
1251;418,2
1252;413,8
1253;347,8
1254;342,1
1255;337,7
1256;334,6
1257;397,8
1258;393,5
1259;389,1
1260;384,7
1261;367,3
1262;362,9
1263;358,6
1264;354,2
1265;340,8
1266;335,8
1267;331,4
1268;327,1
1269;322,2
1270;317
1271;311,1
1272;306,7
1273;302,4
1274;298
1275;293,6
1276;289,5
1277;341,1
1278;336,8
1279;284,1
1280;279,1
1281;274,7
1282;270,4
1283;266
1284;261,2
1285;332,4
1286;328,1
1287;323,7
1288;257,9
1289;252,5
1290;248,1
1291;243,7
1292;239,4
1293;235
1294;230,9
1295;303
1296;298
1297;293,7
1298;289,3
1299;314,1
1300;308,2
1301;283,6
1302;277,7
1303;273,3
1304;268,9
1305;264,6
1306;355,7
1307;351,3
1308;347
1309;342,6
1310;338,3
1311;333,9
1312;329,5
1313;325,2
1314;320,8
1315;259,7
1316;255,4
1317;251
1318;246,6
1319;242,3
1320;237,9
1321;233,6
1322;229,9
1323;386,2
1324;381,9
1325;377,5
1326;373,2
1327;368,8
1328;364,4
1329;360,1
1330;303,4
1331;298,3
1332;294,6
1333;290,3
1334;316,8
1335;311,6
1336;307,2
1337;356,2
1338;350,6
1339;346,5
1340;342,1
1341;337,8
1342;333,4
1343;329,1
1344;324,7
1345;320,8
1346;286,5
1347;384,8
1348;380,4
1349;376,1
1350;371,7
1351;367,3
1352;363
1353;301,9
1354;296,1
1355;291,7
1356;280,1
1357;274,3
1358;269,9
1359;265,6
1360;261,2
1361;256,8
1362;252,5
1363;248,1
1364;243,4
1365;316,5
1366;312,1
1367;307,7
1368;237,4
1369;231,6
1370;227,2
1371;287,4
1372;261,2
1373;256,9
1374;252,5
1375;248,1
1376;243,8
1377;226,3
1378;222
1379;217,6
1380;212,9
1381;207,9
1382;226,3
1383;203,4
1384;198
1385;219,1
1386;192
1387;209,4
1388;189,6
1389;203,1
1390;197,8
1391;215,3
1392;192,9
1393;235,4
1394;230,2
1395;225,9
1396;221,5
1397;208,9
1398;265,6
1399;259,8
1400;255,4
1401;251,1
1402;246,7
1403;242,4
1404;238
1405;205,3
1406;295,3
1407;289,4
1408;285
1409;280,7
1410;276,3
1411;271,9
1412;214,7
1413;323,8
1414;319,4
1415;315,1
1416;310,7
1417;306,3
1418;302
1419;232,2
1420;227,8
1421;224,2
1422;328,2
1423;266,4
1424;262,7
1425;258,4
1426;254
1427;297,6
1428;293,3
1429;288,9
1430;284,5
1431;280,2
1432;275,8
1433;271,5
1434;323,8
1435;319,4
1436;315,1
1437;310,7
1438;306,4
1439;302
1440;249,3
1441;244,3
1442;240
1443;235,6
1444;231,2
1445;266,7
1446;261,8
1447;257,4
1448;254
1449;226,9
1450;222,5
1451;218,2
1452;213,8
1453;209,4
1454;204,8
1455;277,3
1456;271,5
1457;328,5
1458;323,3
1459;319
1460;314,6
1461;310,2
1462;305,9
1463;301,5
1464;297,2
1465;292,8
1466;288,4
1467;284,1
1468;250
1469;244,6
1470;240,2
1471;235,8
1472;231,5
1473;383,4
1474;377,6
1475;373,3
1476;368,9
1477;364,5
1478;360,2
1479;355,8
1480;351,5
1481;347,1
1482;342,7
1483;338,4
1484;334
1485;265,2
1486;259,8
1487;255,5
1488;226,4
1489;222
1490;217,7
1491;213,3
1492;209
1493;205,3
1494;411,1
1495;405,3
1496;400,9
1497;396,5
1498;392,2
1499;388,5
1500;280,2
1501;275,8
1502;271,5
1503;329,6
1504;325,3
1505;320,9
1506;316,6
1507;312,2
1508;307,8
1509;304,2
1510;383,5
1511;379,1
1512;374,7
1513;370,4
1514;366
1515;360,2
1516;415,4
1517;409,9
1518;405,3
1519;399,5
1520;396,2
1521;415,5
1522;411,1
1523;390,7
1524;384,9
1525;379,8
1526;375,5
1527;405,3
1528;399,5
1529;395,1
1530;448
1531;442,1
1532;437,8
1533;433,4
1534;429
1535;424,7
1536;420,3
1537;416
1538;411,6
1539;390
1540;385,7
1541;480,9
1542;476,5
1543;472,2
1544;467,8
1545;463,5
1546;459,1
1547;454,7
1548;380,6
1549;376,2
1550;498,4
1551;494
1552;489,6
1553;485,3
1554;406,8
1555;400,9
1556;450,9
1557;445,3
1558;440,9
1559;437,3
1560;433,7
1561;480,6
1562;475,1
1563;470,7
1564;466,4
1565;462
1566;457,7
1567;455,5
1568;496,9
1569;492,6
1570;488,2
1571;451,8
1572;447,5
1573;443,1
1574;438,8
1575;434,4
1576;430
1577;425,7
1578;421,3
1579;417
1580;412,6
1581;408,2
1582;403,9
1583;399,5
1584;395,1
1585;390,8
1586;386,4
1587;382,3
1588;460,6
1589;456,2
1590;377,3
1591;372,4
1592;368
1593;363,6
1594;359,3
1595;354,9
1596;350,6
1597;346,2
1598;341,8
1599;337,5
1600;333,1
1601;328,7
1602;324,4
1603;320
1604;315,7
1605;311,3
1606;306,9
1607;302,6
1608;298,2
1609;293,9
1610;289,5
1611;285,1
1612;280,8
1613;276,4
1614;272
1615;267,7
1616;263,3
1617;258,5
1618;409,7
1619;405,3
1620;401
1621;396,6
1622;392,2
1623;387,9
1624;383,5
1625;252,7
1626;246,8
1627;242,5
1628;238,1
1629;233,8
1630;229,4
1631;225
1632;220,7
1633;216,3
1634;211,9
1635;207,6
1636;202,9
1637;347,2
1638;342,8
1639;338,4
1640;334,1
1641;329,7
1642;325,4
1643;321
1644;199,8
1645;284,7
1646;280,3
1647;275,9
1648;271,6
1649;267,2
1650;262,8
1651;258,5
1652;222,1
1653;216,3
1654;212
1655;207,6
1656;203,2
1657;196,1
1658;200,8
1659;229,4
1660;223,6
1661;219,2
1662;214,9
1663;210,8
1664;206,2
1665;196
1666;243,4
1667;237,7
1668;233,8
1669;200,3
1670;258,1
1671;253,2
1672;248,8
1673;271
1674;265,3
1675;261,4
1676;228
1677;224,3
1678;286,1
1679;281,8
1680;277,4
1681;242,5
1682;238,9
1683;299,6
1684;294,4
1685;290
1686;254,2
1687;304
1688;273,1
1689;268,7
1690;283,2
1691;309,1
1692;296,3
1693;303,6
1694;313,3
1695;308,7
1696;309,2
1697;305,4
1698;313,2
1699;306,6
1700;301,5
1701;297,5
1702;292,5
1703;288,1
1704;283,8
1705;315,3
1706;310,9
1707;279,4
1708;275,1
1709;270,7
1710;267,7
1711;303,7
1712;263,9
1713;259,6
1714;254,6
1715;289,1
1716;284,8
1717;249,9
1718;244
1719;239,7
1720;273,1
1721;268,8
1722;233,3
1723;227,3
1724;257,6
1725;222,6
1726;217,4
1727;213,3
1728;244,1
1729;238,2
1730;209
1731;269,4
1732;263,5
1733;251,9
1734;233,9
1735;228,6
1736;307
1737;301,7
1738;297,4
1739;293
1740;288,7
1741;284,3
1742;279,9
1743;275,6
1744;259
1745;223,7
1746;218,4
1747;215
1748;341,5
1749;335,7
1750;331,3
1751;327
1752;322,6
1753;318,2
1754;313,9
1755;309,5
1756;245,5
1757;241,2
1758;361,9
1759;356
1760;351,7
1761;347,3
1762;270,2
1763;265,9
1764;253,5
1765;382,2
1766;376,4
1767;372
1768;367,7
1769;303,7
1770;299,3
1771;295
1772;291,3
1773;402,9
1774;397,7
1775;393,4
1776;389
1777;341,5
1778;337,1
1779;332,8
1780;328,4
1781;413,6
1782;407,9
1783;361,9
1784;357,5
1785;353,9
1786;385,5
1787;380,3
1788;375,5
1789;403,1
1790;397,7
1791;393,4
1792;389,5
1793;414,2
1794;409,9
1795;370,6
1796;364,8
1797;361,5
1798;383,7
1799;379,3
1800;376,4
1801;358
1802;353,6
1803;349,3
1804;343
1805;337,2
1806;367,7
1807;363,3
1808;332,3
1809;327,4
1810;353,2
1811;348,8
1812;322,6
1813;316,8
1814;313,4
1815;341,5
1816;337,2
1817;329,9
1818;316,2
1819;322,7
1820;336,1
1821;330,9
1822;326,5
1823;349,2
1824;344
1825;340,1
1826;319,3
1827;359,9
1828;354,2
1829;366,3
1830;335,8
1831;331,6
1832;348,9
1833;344,5
1834;340,1
1835;327
1836;322,7
1837;318,3
1838;314
1839;309,6
1840;305,2
1841;300,9
1842;296,5
1843;291,4
1844;361,9
1845;357,6
1846;353,2
1847;288,1
1848;282,9
1849;278,6
1850;274,2
1851;269,9
1852;265,5
1853;261,1
1854;256,8
1855;252,4
1856;247,4
1857;335,8
1858;331,4
1859;244,2
1860;238,8
1861;234,5
1862;230,1
1863;225,7
1864;221,4
1865;217
1866;212,7
1867;208,3
1868;203,5
1869;308,1
1870;303,8
1871;299,4
1872;295,1
1873;201,5
1874;263,8
1875;259,4
1876;255,1
1877;250,7
1878;243,3
1879;237,4
1880;233
1881;228,7
1882;224,5
1883;220,2
1884;215,8
1885;211,8
1886;207,8
1887;293
1888;287,3
1889;283
1890;278,6
1891;274,2
1892;269,9
1893;265,5
1894;261,2
1895;256,8
1896;252,7
1897;248,5
1898;326
1899;320,8
1900;316,4
1901;312
1902;307,7
1903;303,3
1904;299
1905;242,7
1906;239,1
1907;356,5
1908;351,3
1909;347
1910;342,6
1911;338,2
1912;333,9
1913;330
1914;367,2
1915;361,5
1916;293,6
1917;289,3
1918;284,9
1919;281,3
1920;325,6
1921;321,3
1922;316,9
1923;313,3
1924;356,2
1925;351,8
1926;347,4
1927;343,8
1928;370,5
1929;367,1
1930;374,2
1931;368,8
1932;379,5
1933;375,5
1934;362,4
1935;370
1936;365,7
1937;357,7
1938;352,3
1939;347,5
1940;343,1
1941;338,8
1942;333,7
1943;330,4
1944;325,4
1945;351,8
1946;347,5
1947;337,3
1948;326,4
1949;322,1
1950;318,8
1951;313,6
1952;327,2
1953;309,2
1954;305,1
1955;299,5
1956;293,7
1957;314,1
1958;287,9
1959;282,1
1960;277,7
1961;273,4
1962;269
1963;265,7
1964;306,8
1965;262,1
1966;256,9
1967;252,5
1968;248,2
1969;243,8
1970;239,4
1971;299,5
1972;295,2
1973;234,5
1974;229,3
1975;224,9
1976;220,5
1977;215,6
1978;277,7
1979;273,4
1980;269
1981;211,8
1982;207,5
1983;202,1
1984;250,1
1985;244,8
1986;240,4
1987;234,7
1988;228,8
1989;224,4
1990;220,3
1991;215,9
1992;258,8
1993;254,5
1994;210,9
1995;205
1996;262,9
1997;251,1
1998;245,8
1999;241,4
2000;237,8
2001;255,9
2002;269,4
2003;264
2004;289
2005;284,1
2006;279,7
2007;275,3
2008;308,9
2009;303
2010;298,6
2011;294,3
2012;328,7
2013;324,3
2014;319,9
2015;315,6
2016;272
2017;267,6
2018;342,1
2019;336,9
2020;332,6
2021;289,4
2022;285,1
2023;281,4
2024;351,1
2025;345,4
2026;311,2
2027;306,9
2028;302,5
2029;358,1
2030;327,2
2031;322,9
2032;367,1
2033;361,4
2034;341,1
2035;352
2036;347,8
2037;356,3
2038;369,4
2039;365
2040;360,7
2041;343,2
2042;338,9
2043;334,5
2044;330,2
2045;325,8
2046;321,4
2047;352
2048;347,6
2049;317,1
2050;312,7
2051;308,3
2052;304
2053;299,6
2054;295,3
2055;290,9
2056;286,5
2057;325,8
2058;321,4
2059;281,8
2060;276,9
2061;272,5
2062;269,5
2063;308,4
2064;304
2065;264,2
2066;258,4
2067;253,8
2068;292,4
2069;288
2070;248,4
2071;243,4
2072;238,6
2073;274,9
2074;270,6
2075;234,6
2076;229,4
2077;225
2078;223,3
2079;258,9
2080;254,6
2081;220
2082;214,8
2083;209,9
2084;241,5
2085;205,9
2086;200,8
2087;196,4
2088;193,1
2089;227
2090;187,2
2091;212,4
2092;180,8
2093;197,9
2094;193,5
2095;175,7
2096;172,1
2097;184,8
2098;167,6
2099;180,4
2100;165,5
2101;174,5
2102;191,5
2103;185,8
2104;170,3
2105;211
2106;206,6
2107;202,3
2108;197,9
2109;180,8
2110;245,9
2111;241,5
2112;237,2
2113;232,8
2114;228,4
2115;224,1
2116;219,7
2117;215,4
2118;280,8
2119;276,4
2120;272,1
2121;267,7
2122;263,3
2123;259
2124;254,6
2125;250,3
2126;193,5
2127;189,9
2128;315,3
2129;310,4
2130;306
2131;301,6
2132;297,3
2133;292,9
2134;288,6
2135;284,2
2136;211
2137;206,6
2138;202,3
2139;198,6
2140;324,1
2141;320,1
2142;245,9
2143;241,5
2144;237,2
2145;232,8
2146;277,9
2147;273,5
2148;267,7
2149;315,2
2150;310,4
2151;306
2152;301,2
2153;321,5
2154;295,9
2155;290,8
2156;302,6
2157;293,3
2158;288,8
2159;312,5
2160;307,5
2161;303,1
2162;298,8
2163;329,7
2164;324
2165;319,6
2166;315,7
2167;293,9
2168;289,6
2169;348,8
2170;343,9
2171;339,5
2172;335,1
2173;361,9
2174;356,9
2175;353,6
2176;309,9
2177;306,3
2178;372,8
2179;367,6
2180;328,8
2181;325,2
2182;383,7
2183;378,8
2184;349,2
2185;343,4
2186;394,9
2187;388,9
2188;363,7
2189;359,4
2190;401,9
2191;375,4
2192;371
2193;410,3
2194;404,5
2195;384,1
2196;380,5
2197;418,1
2198;395,7
2199;392,1
2200;424,8
2201;400,1
2202;412
2203;407,8
2204;420
2205;415,6
2206;424,8
2207;409,9
2208;404,5
2209;400,1
2210;395,8
2211;391,4
2212;387
2213;382,7
2214;377,6
2215;372,5
2216;368,1
2217;363,8
2218;359,4
2219;355,1
2220;350,7
2221;347,4
2222;342,6
2223;336,6
2224;332,3
2225;327,9
2226;323,6
2227;319,2
2228;314,3
2229;397,2
2230;392,9
2231;388,5
2232;384,1
2233;310
2234;305,6
2235;301,3
2236;296,9
2237;292,5
2238;288,2
2239;283,8
2240;279,7
2241;362,3
2242;358
2243;353,6
2244;349,3
2245;274,7
2246;271,1
2247;327,4
2248;323,1
2249;318,7
2250;314,4
2251;265,8
2252;262,7
2253;294
2254;289,6
2255;285,3
2256;280,9
2257;258,7
2258;255,1
2259;272,2
2260;249,4
2261;264,9
2262;256,6
2263;249,9
2264;269,3
2265;264,9
2266;259,9
2267;287,1
2268;281,9
2269;277,6
2270;273,2
2271;256,2
2272;304,8
2273;298,9
2274;294,5
2275;290,4
2276;320,2
2277;315,9
2278;311,5
2279;267,9
2280;264,2
2281;342
2282;337,7
2283;333,3
2284;328,9
2285;324,6
2286;285,3
2287;281,7
2288;363,5
2289;358,5
2290;354,2
2291;349,8
2292;345,4
2293;307,1
2294;302,8
2295;298,4
2296;385,1
2297;379,4
2298;375
2299;370,6
2300;366,8
2301;320,2
2302;315,9
2303;404,6
2304;400,2
2305;395,8
2306;391,5
2307;339,1
2308;334,8
2309;361
2310;356,6
2311;387,1
2312;382,8
2313;378,4
2314;374
2315;369,9
2316;404,6
2317;400,2
2318;395,9
2319;391,5
2320;365
2321;360
2322;355,6
2323;351,3
2324;346,4
2325;375,5
2326;371,1
2327;341,5
2328;335,7
2329;346,4
2330;341,7
2331;330
2332;337,4
2333;333,4
2334;356,3
2335;351,3
2336;346,9
2337;367,4
2338;361,5
2339;378,8
2340;373,6
2341;344,3
2342;392,1
2343;386,2
2344;382,1
2345;355,2
2346;403,2
2347;398,8
2348;368,3
2349;363,9
2350;411,9
2351;407,5
2352;375,5
2353;394,5
2354;388,6
2355;403,8
2356;398,6
2357;410,5
2358;392,4
2359;386,7
2360;382,1
2361;403,2
2362;398,8
2363;377
2364;372,7
2365;368,3
2366;363,9
2367;359,2
2368;354,3
2369;349,9
2370;345
2371;390,1
2372;385,8
2373;381,4
2374;341,2
2375;336,8
2376;332,4
2377;328,1
2378;323,7
2379;369,8
2380;365,4
2381;317,8
2382;312,6
2383;308,2
2384;303,9
2385;299,5
2386;350,9
2387;346,5
2388;293,6
2389;287,9
2390;283,5
2391;279,1
2392;274,5
2393;330,5
2394;326,2
2395;321,8
2396;269,4
2397;265,1
2398;260,7
2399;256,4
2400;252
2401;247,9
2402;308,7
2403;304,3
2404;300
2405;243,3
2406;238,9
2407;234,6
2408;282,2
2409;277,2
2410;272,8
2411;290,9
2412;286,9
2413;268,5
2414;264,1
2415;259,3
2416;254,9
2417;250,6
2418;246,2
2419;314,9
2420;309,7
2421;305,3
2422;301
2423;296,6
2424;240,4
2425;236
2426;338,9
2427;333,9
2428;329,6
2429;325,2
2430;320,8
2431;282,6
2432;278,2
2433;273,8
2434;362,9
2435;357,7
2436;353,3
2437;349
2438;344,6
2439;292,7
2440;288,4
2441;387,3
2442;381,4
2443;377,1
2444;372,7
2445;368,4
2446;317,5
2447;313,1
2448;308,7
2449;305,1
2450;409,9
2451;404,2
2452;399,9
2453;395,5
2454;391,6
2455;340,7
2456;336,4
2457;330,5
2458;364
2459;359,6
2460;355,3
2461;386
2462;380
2463;376,4
2464;410,5
2465;405,4
2466;401,1
2467;396,5
2468;392,1
2469;387,3
2470;382,9
2471;378,6
2472;374,2
2473;369,8
2474;365,5
2475;361,4
2476;356,8
2477;352,4
2478;348,3
2479;343,7
2480;339,3
2481;335,2
2482;365,5
2483;361,1
2484;330,6
2485;325,5
2486;352,4
2487;348
2488;321,9
2489;317,5
2490;312,4
2491;339,3
2492;335
2493;308,4
2494;303,5
2495;298,6
2496;326,2
2497;294,6
2498;289,4
2499;285
2500;314,6
2501;280,4
2502;301,5
2503;274,8
2504;289,9
2505;285,5
2506;269,5
2507;281,2
2508;264,5
2509;276,8
2510;294,3
2511;289,9
2512;285,5
2513;272,5
2514;267,1
2515;307,7
2516;302,5
2517;298,2
2518;281,2
2519;320,5
2520;314,6
2521;310,3
2522;277,6
2523;332,7
2524;326,8
2525;291,4
2526;344,1
2527;338,9
2528;304,5
2529;356,8
2530;351
2531;346,6
2532;321,9
2533;317,6
2534;381,5
2535;375,7
2536;371,4
2537;367
2538;362,6
2539;333,6
2540;329,2
2541;406,6
2542;401,4
2543;397,1
2544;392,7
2545;388,3
2546;341,6
2547;431
2548;425,2
2549;420,8
2550;416,4
2551;412,1
2552;356,8
2553;353,2
2554;449,3
2555;443,6
2556;439,2
2557;435,4
2558;384
2559;379,4
2560;375,7
2561;372,1
2562;408,1
2563;402,9
2564;397,9
2565;430
2566;424,2
2567;419,9
2568;415,5
2569;411,4
2570;394,7
2571;389,3
2572;449,9
2573;445,5
2574;441,2
2575;436,8
2576;384,8
2577;379,6
2578;375,3
2579;370,9
2580;366,5
2581;362,2
2582;357,8
2583;353,5
2584;349,1
2585;406,3
2586;401,9
2587;345,2
2588;339,9
2589;335,5
2590;331,2
2591;326,3
2592;391,7
2593;322
2594;317,6
2595;313,2
2596;308,9
2597;361,2
2598;356,9
2599;352,5
2600;304,5
2601;300,2
2602;295,8
2603;291,4
2604;330,7
2605;326,3
2606;287,1
2607;282,7
2608;278,3
2609;274
2610;313,2
2611;308,9
2612;269,6
2613;265,3
2614;295,8
2615;291,4
2616;260,9
2617;256,8
2618;278,4
2619;274
2620;251,3
2621;265,3
2622;247,5
2623;241,6
2624;258
2625;236,2
2626;230,4
2627;224,2
2628;219,2
2629;243,5
2630;212,9
2631;208,2
2632;232,6
2633;227,5
2634;203,4
2635;222,6
2636;218,3
2637;251,6
2638;245,9
2639;241,6
2640;237,2
2641;212,5
2642;207,5
2643;271,5
2644;266,3
2645;261,9
2646;257,6
2647;231,9
2648;226,5
2649;306
2650;300,2
2651;295,8
2652;291,5
2653;287,1
2654;282,8
2655;278,4
2656;274
2657;344,4
2658;338,5
2659;334,1
2660;329,8
2661;325,4
2662;321,1
2663;316,7
2664;312,3
2665;252,2
2666;246,4
2667;381,6
2668;377,3
2669;372,9
2670;368,6
2671;364,2
2672;359,8
2673;355,5
2674;351,1
2675;268,2
2676;264,6
2677;412,2
2678;407,8
2679;403,5
2680;399,1
2681;394,7
2682;390,4
2683;386
2684;307,5
2685;303,1
2686;298,8
2687;292,9
2688;346,8
2689;342,4
2690;338
2691;333,7
2692;329,3
2693;382
2694;376,8
2695;372,4
2696;367,5
2697;412,2
2698;407,8
2699;403,5
2700;398,4
2701;394
2702;389,7
2703;386
2704;363,5
2705;358,4
2706;354
2707;349,7
2708;344,3
2709;340
2710;335,9
2711;378,8
2712;374,4
2713;370
2714;331,1
2715;325,3
2716;361,3
2717;356,9
2718;321,3
2719;316,2
2720;311,9
2721;308,6
2722;342,4
2723;338,1
2724;303,2
2725;297,3
2726;294,1
2727;327,9
2728;291,2
2729;313
2730;308
2731;302,3
2732;297
2733;321,5
2734;315,8
2735;310,8
2736;305,6
2737;301,7
2738;296,4
2739;292
2740;287,7
2741;283,6
2742;322,1
2743;317,7
2744;278,5
2745;274,1
2746;269,7
2747;265,6
2748;309
2749;261,4
2750;255,6
2751;291,6
2752;287,2
2753;282,8
2754;252,3
2755;247,2
2756;272,7
2757;268,3
2758;242,7
2759;236,7
2760;248,3
2761;233,2
2762;242,1
2763;255,6
2764;237,8
2765;264
2766;258,1
2767;251,1
2768;246,1
2769;284,7
2770;279,5
2771;275,1
2772;270,8
2773;304,7
2774;298,9
2775;294,5
2776;290,1
2777;323,2
2778;318,3
2779;313,9
2780;310,5
2781;266,9
2782;262,5
2783;338,7
2784;332,8
2785;328,4
2786;285,8
2787;281,4
2788;277,8
2789;306,1
2790;301,8
2791;297,4
2792;345,8
2793;323,6
2794;317,8
2795;339,4
2796;354,1
2797;348,8
2798;361,4
2799;344,7
2800;369,1
2801;375,4
2802;353,6
2803;364,3
2804;360
2805;346,9
2806;342,5
2807;368,7
2808;338,2
2809;333,8
2810;329,5
2811;325,1
2812;320,7
2813;316,4
2814;312
2815;307,9
2816;377,4
2817;373,1
2818;355,6
2819;351,3
2820;302,9
2821;297,9
2822;293,6
2823;289,2
2824;284,9
2825;280,5
2826;276,1
2827;273,1
2828;346,9
2829;342,5
2830;267,8
2831;262,1
2832;257,7
2833;253,4
2834;249
2835;247,3
2836;322,2
2837;317,8
2838;313,5
2839;309,1
2840;243,3
2841;238,3
2842;234
2843;287,3
2844;282,9
2845;278,6
2846;274,2
2847;230,2
2848;224,8
2849;220
2850;253,9
2851;249,5
2852;214
2853;208,3
2854;206,6
2855;238,4
2856;202,2
2857;233
2858;228,7
2859;224,3
2860;219,9
2861;253,9
2862;248,1
2863;243,7
2864;214,1
2865;208,8
2866;272,8
2867;267
2868;262,6
2869;259
2870;237,4
2871;308,6
2872;302,8
2873;298,5
2874;294,1
2875;289,7
2876;285,4
2877;281
2878;277,1
2879;230,6
2880;227
2881;345,9
2882;340,6
2883;336,3
2884;331,9
2885;327,6
2886;323,2
2887;318,8
2888;314,5
2889;253,9
2890;249,5
2891;245,9
2892;380,8
2893;375,5
2894;371,2
2895;366,8
2896;362,5
2897;358,1
2898;353,7
2899;349,9
2900;271,3
2901;267
2902;408,9
2903;403,2
2904;398,8
2905;394,5
2906;390,1
2907;385,7
2908;309,1
2909;304,8
2910;300,4
2911;294,6
2912;423,7
2913;418,7
2914;414,3
2915;345,5
2916;341,1
2917;336,8
2918;331
2919;436,8
2920;431,8
2921;428,4
2922;380,4
2923;376
2924;371,7
2925;367,3
2926;452,2
2927;446,3
2928;442
2929;408
2930;402,2
2931;458,9
2932;424
2933;419,7
2934;437,9
2935;433,5
2936;454,1
2937;449,2
2938;444,4
2939;441,1
2940;435,7
2941;431,3
2942;427
2943;422,6
2944;418,2
2945;413,9
2946;410,6
2947;405,5
2948;400,3
2949;395,9
2950;391,6
2951;387,2
2952;382,9
2953;377,5
2954;371,7
2955;367,4
2956;363
2957;358,6
2958;354,3
2959;422,6
2960;418,2
2961;413,9
2962;409,5
2963;348,1
2964;343,1
2965;338,8
2966;334,4
2967;329,6
2968;393,5
2969;389,2
2970;384,8
2971;324,1
2972;318,9
2973;313,9
2974;365,9
2975;361,5
2976;357,2
2977;352,8
2978;308,8
2979;303,9
2980;299,5
2981;296,5
2982;336,8
2983;332,5
2984;328,1
2985;292,7
2986;288,4
2987;284
2988;279,6
2989;317,9
2990;313,6
2991;274,3
2992;268,5
2993;301,9
2994;297,6
2995;262,7
2996;286
2997;281,6
2998;256,1
2999;268,5
3000;251,8
3001;247,7
3002;263,7
3003;259,3
3004;276,7
3005;270,9
3006;266,6
3007;255,2
3008;251,1
3009;247,4
3010;296,2
3011;291,8
3012;287,4
3013;283,1
3014;261,3
3015;339,8
3016;335,4
3017;331,1
3018;326,7
3019;322,3
3020;318
3021;313,6
3022;309,2
3023;304,9
3024;300,5
3025;383,4
3026;379
3027;374,7
3028;370,3
3029;366
3030;361,6
3031;357,2
3032;352,9
3033;348,5
3034;344,1
3035;278,7
3036;275,1
3037;427,4
3038;422,2
3039;417,8
3040;413,5
3041;409,1
3042;404,7
3043;400,4
3044;396
3045;391,7
3046;387,3
3047;296,2
3048;291,8
3049;286
3050;457,9
3051;452,7
3052;448,4
3053;444
3054;439,6
3055;435,3
3056;431,4
3057;339,8
3058;335,4
3059;331,1
3060;326,7
3061;322,3
3062;477,9
3063;472,1
3064;467,8
3065;463,4
3066;382
3067;377,6
3068;373,2
3069;368,9
3070;365,2
3071;496,3
3072;490,5
3073;486,2
3074;482,3
3075;427
3076;422,7
3077;418,3
3078;414
3079;409,6
3080;515,7
3081;511,4
3082;507
3083;502,7
3084;459
3085;454,7
3086;451
3087;520,1
3088;476,5
3089;470,7
3090;498,7
3091;492,9
3092;489,2
3093;515
3094;510,7
3095;505,6
3096;501,2
3097;483,3
3098;494,7
3099;490,3
3100;477,2
3101;472,1
3102;467,8
3103;462,7
3104;483,8
3105;457,6
3106;453,5
3107;475,1
3108;448,6
3109;466,3
3110;462
3111;456,2
3112;447,5
3113;443,5
3114;438,2
3115;433,9
3116;429,5
3117;425,2
3118;420,8
3119;416,4
3120;412,1
3121;407,7
3122;403,4
3123;399
3124;394,6
3125;389,7
3126;384,9
3127;379,1
3128;374,8
3129;370,4
3130;366
3131;361,7
3132;357,3
3133;354
3134;434,4
3135;430
3136;425,7
3137;421,3
3138;350,5
3139;346,2
3140;341,8
3141;337,4
3142;333,1
3143;328,7
3144;325,1
3145;400,9
3146;396,6
3147;392,2
3148;369
3149;364,6
3150;360,2
3151;355,9
3152;339,5
3153;334,6
3154;330,4
3155;326,8
3156;350,6
3157;344,7
3158;366,4
3159;361,2
3160;356,9
3161;383,9
3162;378,7
3163;374,3
3164;370,4
3165;339,9
3166;399,2
3167;394,2
3168;389,8
3169;351,5
3170;345,7
3171;410,3
3172;404,4
3173;366,1
3174;361,7
3175;417,3
3176;386,4
3177;382,1
3178;378,4
3179;426,1
3180;421,3
3181;399,5
3182;395,2
3183;432,4
3184;409,7
3185;417
3186;425,7
3187;431,5
3188;425,4
3189;420,4
3190;417,4
3191;413,6
3192;409,5
3193;403,9
3194;418,5
3195;411,2
3196;400,8
3197;405,2
3198;415,1
3199;410,7
3200;406,4
3201;402
3202;397,7
3203;392,7
3204;387,4
3205;381,7
3206;377,3
3207;371,6
3208;366,2
3209;393,8
3210;362,9
3211;357,4
3212;353,1
3213;348,3
3214;382,2
3215;377,8
3216;342,3
3217;336,6
3218;332,2
3219;330,5
3220;370,5
3221;326,5
3222;321,6
3223;317,2
3224;312,9
3225;353,1
3226;348,7
3227;309,1
3228;305,5
3229;337,1
3230;332,7
3231;320,7
3232;315,8
3233;327,5
3234;310
3235;313,1
3236;320,8
3237;315,3
3238;303,7
3239;297,9
3240;294,6
3241;328,4
3242;289,7
3243;283,8
3244;279
3245;309,5
3246;274,6
3247;270,2
3248;264,4
3249;300,4
3250;295,4
3251;305,9
3252;291,7
3253;286,2
3254;281,9
3255;277,5
3256;324
3257;318,2
3258;313,9
3259;310,2
3260;271,7
3261;267,3
3262;263,7
3263;342,4
3264;336,7
3265;332,3
3266;328,4
3267;300,1
3268;361,5
3269;356,5
3270;352,2
3271;347,8
3272;305,1
3273;378,9
3274;374
3275;369,6
3276;366,2
3277;322,6
3278;319
3279;398,8
3280;392,9
3281;388,5
3282;384,2
3283;341,5
3284;337,1
3285;361,9
3286;356,1
3287;379
3288;373,5
3289;401,1
3290;395,3
3291;391
3292;386,6
3293;383
3294;370,2
3295;365,9
3296;363
3297;357,5
3298;353,2
3299;348,8
3300;345,5
3301;377,9
3302;341,9
3303;336,7
3304;332,3
3305;328
3306;323,6
3307;319,2
3308;314,9
3309;310,5
3310;306,2
3311;301,8
3312;297,4
3313;370,6
3314;292,1
3315;287,7
3316;283,4
3317;279
3318;274,7
3319;270,3
3320;265,9
3321;261,6
3322;257,2
3323;252,1
3324;357,5
3325;353,2
3326;348,8
3327;248,1
3328;243,2
3329;238,8
3330;234,4
3331;230,1
3332;225,7
3333;221,3
3334;217
3335;212,6
3336;208,3
3337;203,9
3338;318,3
3339;313,9
3340;309,6
3341;305,2
3342;300,8
3343;296,5
3344;199,4
3345;194,2
3346;189,8
3347;185,5
3348;180,9
3349;271,8
3350;267,4
3351;263
3352;258,7
3353;254,3
3354;223,8
3355;219,4
3356;215
3357;210,7
3358;206,3
3359;181,6
3360;177,6
3361;189,3
3362;195,6
3363;183,1
3364;178,7
3365;206
3366;201
3367;236,3
3368;230,6
3369;226,2
3370;221,9
3371;217,5
3372;213,1
3373;209,3
3374;188,9
3375;269,2
3376;264
3377;259,7
3378;255,3
3379;250,9
3380;246,6
3381;242,2
3382;194,7
3383;299,4
3384;293,6
3385;289,2
3386;284,9
3387;280,5
3388;276,2
3389;271,8
3390;202
3391;333,5
3392;327,5
3393;323,2
3394;318,8
3395;314,5
3396;310,1
3397;305,7
3398;236,9
3399;232,5
3400;228,2
3401;224,5
3402;366,3
3403;362
3404;357,6
3405;353,2
3406;348,9
3407;344,5
3408;340,1
3409;266
3410;261,6
3411;257,3
3412;401,6
3413;396,4
3414;392
3415;387,6
3416;383,3
3417;378,9
3418;374,6
3419;370,2
3420;300,9
3421;296,5
3422;292,2
3423;287,8
3424;436,7
3425;430,8
3426;426,4
3427;422,1
3428;417,7
3429;413,3
3430;409
3431;404,9
3432;335,8
3433;331,4
3434;327,1
3435;322,7
3436;319,1
3437;443,4
3438;364,9
3439;360,5
3440;356,1
3441;352,5
3442;399,8
3443;395,4
3444;391
3445;387,4
3446;439,9
3447;434
3448;429,6
3449;425,2
3450;421,2
3451;441,2
3452;436,9
3453;432,5
3454;427,4
3455;423,1
3456;418,7
3457;414,3
3458;410
3459;405,6
3460;400,9
3461;396,2
3462;391,1
3463;386,7
3464;382,3
3465;379,1
3466;373,6
3467;368,1
3468;407,1
3469;402,7
3470;388,2
3471;383,8
3472;379,4
3473;367,8
3474;364
3475;358,9
3476;354,8
3477;363,8
3478;351,1
3479;372,8
3480;367,1
3481;359,1
3482;392,2
3483;387,2
3484;382,9
3485;378,5
3486;413,8
3487;408,1
3488;403,7
3489;399,4
3490;395,5
3491;351,9
3492;428,6
3493;423,6
3494;419,2
3495;372,2
3496;366,4
3497;433,3
3498;389,7
3499;386
3500;438,8
3501;412,9
3502;407,1
3503;444,2
3504;426,8
3505;458
3506;452,2
3507;448,6
3508;432,6
3509;476,9
3510;471,1
3511;466,8
3512;463,1
3513;438,4
3514;495,5
3515;490,5
3516;486,1
3517;482,8
3518;443,5
3519;514,8
3520;508,9
3521;504,6
3522;500,2
3523;458
3524;453,7
3525;478,4
3526;472,6
3527;520,6
3528;494,4
3529;490
3530;515,2
3531;509,2
3532;526,4
3533;522,4
3534;517
3535;512,8
3536;508,5
3537;504,1
3538;499,7
3539;495,6
3540;489,5
3541;483,5
3542;478,4
3543;474,1
3544;469,9
3545;500,2
3546;495,9
3547;465,3
3548;461
3549;456,6
3550;487,2
3551;482,8
3552;452,6
3553;447,4
3554;442,5
3555;474,1
3556;469,7
3557;439,2
3558;433,9
3559;429
3560;459,5
3561;425
3562;419,8
3563;415,4
3564;446,5
3565;411,6
3566;406,2
3567;401,9
3568;431,9
3569;397
3570;392,7
3571;388,5
3572;418,8
3573;383,9
3574;379,8
3575;405,8
3576;401,4
3577;397
3578;392,7
3579;388,3
3580;384
3581;380,3
3582;410,1
3583;405
3584;401,4
3585;397,1
3586;408,3
3587;402,9
3588;421,8
3589;416
3590;411,6
3591;401,1
3592;431,4
3593;426,2
3594;406,9
3595;442,2
3596;437,8
3597;418,9
3598;433,9
3599;429,1
3600;440,7
3601;436,4
3602;431,1
3603;425,2
3604;420,9
3605;416,5
3606;411,6
3607;437,8
3608;406,9
3609;402
3610;397,6
3611;394,6
3612;389,3
3613;383,5
3614;379,2
3615;375,5
3616;417,5
3617;413,1
3618;399,3
3619;394,2
3620;387,8
3621;382,1
3622;378,2
3623;375,3
3624;398,6
3625;394,2
3626;389,9
3627;384,5
3628;380,2
3629;375,8
3630;371,4
3631;367,1
3632;362,7
3633;357,9
3634;354
3635;349,6
3636;345,3
3637;340,9
3638;336,6
3639;330,6
3640;326,1
3641;363,3
3642;357,9
3643;351,5
3644;345,8
3645;341,9
3646;337,5
3647;333,2
3648;375,3
3649;371
3650;327,7
3651;379,7
3652;366,6
3653;362,3
3654;357,9
3655;353,2
3656;348,2
3657;343,9
3658;339,5
3659;335,1
3660;330,8
3661;322,6
3662;317,7
3663;314,6
3664;375,4
3665;371
3666;326,9
3667;309,3
3668;303,6
3669;299,3
3670;294,9
3671;290,5
3672;286,2
3673;281,8
3674;280,1
3675;363,7
3676;359,4
3677;276,5
3678;272,1
3679;267,8
3680;263,4
3681;259
3682;254,7
3683;249,2
3684;320,1
3685;315,7
3686;294,4
3687;288,9
3688;284,3
3689;279,9
3690;275
3691;270,7
3692;266,3
3693;262
3694;258
3695;253,2
3696;248,9
3697;301,6
3698;328
3699;322,1
3700;317,7
3701;313,3
3702;309
3703;304,9
3704;296,9
3705;291,8
3706;287,4
3707;283,1
3708;279,4
3709;352,1
3710;347,8
3711;343,4
3712;339
3713;334,7
3714;378,3
3715;373,9
3716;369,6
3717;365,2
3718;360,9
3719;356,5
3720;391,4
3721;387
3722;382,7
3723;330,3
3724;326
3725;321,6
3726;318
3727;400,1
3728;395,8
3729;352,1
3730;347,8
3731;343,4
3732;408,5
3733;403,5
3734;378,3
3735;373,9
3736;369,6
3737;417
3738;411,8
3739;390,3
3740;397,5
3741;406
3742;401,6
3743;383,4
3744;419
3745;414,7
3746;410,3
3747;392,9
3748;388,5
3749;379,8
3750;375,4
3751;371,1
3752;366
3753;395,8
3754;362
3755;357
3756;353,1
3757;383,8
3758;390
3759;376,9
3760;371,3
3761;367,4
3762;410,3
3763;404,5
3764;400,2
3765;395,8
3766;362,3
3767;358
3768;354,4
3769;426,7
3770;421,5
3771;417,1
3772;382,7
3773;442
3774;437
3775;432,6
3776;388,5
3777;457,2
3778;452
3779;447,7
3780;413,3
3781;408,9
3782;405,3
3783;472,3
3784;466,6
3785;462,2
3786;429,3
3787;423,4
3788;443,8
3789;438
3790;458,3
3791;453,3
3792;472,4
3793;468
3794;463,4
3795;457,6
3796;452,5
3797;448,2
3798;443,8
3799;439,5
3800;435,1
3801;430,4
3802;469,3
3803;425,6
3804;420,6
3805;416,2
3806;411,8
3807;407,5
3808;403,1
3809;398,7
3810;464,2
3811;393,9
3812;389,5
3813;385,2
3814;380,8
3815;376,5
3816;371,5
3817;440,9
3818;436,6
3819;432,2
3820;366,2
3821;360,5
3822;358,8
3823;411,8
3824;407,5
3825;403,1
3826;398,8
3827;381,7
3828;376,5
3829;371,5
3830;388
3831;366,8
3832;363,1
3833;394
3834;398,8
3835;379,9
3836;404,6
3837;387,9
3838;409
3839;393
3840;398,8
3841;404,6
3842;409
3843;404,3
3844;399,3
3845;396,3
3846;409
3847;391
3848;387,9
3849;384,6
3850;378,8
3851;397,4
3852;391,6
3853;411,6
3854;406,6
3855;402,2
3856;385,7
3857;381,4
3858;377,7
3859;420,1
3860;414,8
3861;398,6
3862;409,6
3863;403,7
3864;420,7
3865;416,3
3866;399,2
3867;394
3868;389,9
3869;385,8
3870;381,6
3871;393
3872;387,8
3873;381,9
3874;378
3875;399,2
3876;394
3877;412,3
3878;407,1
3879;403,2
3880;423,6
3881;417,8
3882;388,7
3883;384,3
3884;438,1
3885;432,3
3886;428,7
3887;397,4
3888;452,3
3889;447,4
3890;444
3891;413,4
3892;409,1
3893;467,6
3894;462,4
3895;458
3896;423,6
3897;420
3898;474,1
3899;439,6
3900;435,2
3901;454,3
3902;447,9
3903;470,6
3904;464,8
3905;460,5
3906;443,1
3907;454,9
3908;450,5
3909;446,2
3910;438,2
3911;432,8
3912;428
3913;423,3
3914;418,3
3915;413,9
3916;410,9
3917;405,6
3918;399,9
3919;395,5
3920;393,8
3921;433,8
3922;428,7
3923;390,6
3924;385,4
3925;380,4
3926;416,7
3927;411,5
3928;377,6
3929;423,7
3930;406,2
3931;400,4
3932;396,3
3933;450,9
3934;446
3935;441,6
3936;437,2
3937;432,9
3938;429,5
3939;390,2
3940;385,8
3941;381,5
3942;465,8
3943;460
3944;455,7
3945;419,3
3946;413,5
3947;473,5
3948;425,1
3949;480
3950;449,8
3951;444
3952;486,8
3953;468,7
3954;465,1
3955;477
3956;472,4
3957;480
3958;487,7
3959;484
3960;474,3
3961;478,9
3962;470,2
3963;465,9
3964;460,8
3965;456,8
3966;451,8
3967;447,5
3968;444,4
3969;474,6
3970;439,3
3971;434,4
3972;430
3973;463
3974;423,7
3975;417,9
3976;413,2
3977;448,4
3978;444,1
3979;408,4
3980;403,4
3981;399
3982;394,6
3983;391,4
3984;433,9
3985;429,5
3986;385,9
3987;380,1
3988;375,7
3989;372,5
3990;419,4
3991;415
3992;367,4
3993;362,2
3994;357,8
3995;353,4
3996;400,5
3997;396,1
3998;391,7
3999;348,1
4000;342,3
4001;337,9
4002;333,6
4003;380,1
4004;375,7
4005;371,4
4006;327,4
4007;322,4
4008;318,1
4009;315
4010;359,8
4011;355,4
4012;311
4013;306
4014;301,6
4015;296,9
4016;340,9
4017;336,5
4018;332,1
4019;292,1
4020;287,1
4021;282,7
4022;278,3
4023;322
4024;317,6
4025;273,2
4026;269,2
4027;303,1
4028;298,7
4029;264,2
4030;284,6
4031;279,1
4032;258
4033;253,3
4034;272,5
4035;266,7
4036;250
4037;312,9
4038;307,9
4039;303,6
4040;299,2
4041;294,8
4042;290,5
4043;358,7
4044;353,5
4045;349,1
4046;344,8
4047;340,4
4048;336
4049;331,7
4050;327,3
4051;322,9
4052;318,6
4053;284,7
4054;279,1
4055;262,8
4056;257,3
4057;404,9
4058;399
4059;394,7
4060;390,3
4061;386
4062;381,6
4063;377,2
4064;372,9
4065;368,5
4066;364,2
4067;274
4068;269,6
4069;250,7
4070;419
4071;414,1
4072;410,7
4073;314,7
4074;310,4
4075;306
4076;301,6
4077;297,3
4078;293,6
4079;359,8
4080;355,4
4081;351,1
4082;346,7
4083;340,9
4084;406,8
4085;401,2
4086;396,9
4087;392,5
4088;388,2
4089;384,2
4090;418
4091;413,6
4092;378,7
4093;372,9
4094;368,5
4095;364,2
4096;359,8
4097;355,4
4098;351,1
4099;347,8
4100;408,3
4101;402,7
4102;398,3
4103;394
4104;389,6
4105;385,3
4106;342,7
4107;337,5
4108;333,2
4109;328,8
4110;324,4
4111;320,1
4112;315,7
4113;311,3
4114;307
4115;302,6
4116;298,3
4117;293,9
4118;289,5
4119;284,6
4120;415,1
4121;279,8
4122;274
4123;269,7
4124;265,3
4125;260,9
4126;256,6
4127;252,2
4128;247,9
4129;243,5
4130;239,1
4131;234,8
4132;230,4
4133;226
4134;221,7
4135;218,4
4136;377,3
4137;372,9
4138;368,5
4139;364,2
4140;359,8
4141;355,5
4142;351,1
4143;346,7
4144;214,8
4145;209,6
4146;205,2
4147;200,8
4148;196,5
4149;192,1
4150;187,8
4151;183,4
4152;179
4153;175,4
4154;313,3
4155;308,9
4156;304,6
4157;300,2
4158;295,8
4159;291,5
4160;287,1
4161;282,4
4162;277,4
4163;273,1
4164;268,7
4165;264,3
4166;260
4167;255,6
4168;251,3
4169;246,9
4170;242,5
4171;238,2
4172;233,8
4173;229,5
4174;226,1
4175;221,7
4176;365,3
4177;360,3
4178;356
4179;351,6
4180;347,2
4181;342,9
4182;338,5
4183;334,1
4184;329,8
4185;325,4
4186;321,1
4187;316,7
4188;217,3
4189;213
4190;208,6
4191;204,2
4192;199,9
4193;195,5
4194;191,2
4195;186,8
4196;182,4
4197;176,6
4198;389,5
4199;383,6
4200;379,2
4201;374,9
4202;370,5
4203;310,9
4204;305,3
4205;300,9
4206;296,6
4207;292,2
4208;287,9
4209;283,5
4210;396,6
4211;365,7
4212;361,3
4213;356,9
4214;352,6
4215;348,2
4216;342,4
4217;390,1
4218;400,6
4219;397,7
4220;402,5
4221;408,6
4222;414,2
4223;419,9
4224;402,8
4225;430,8
4226;425,8
4227;409,3
4228;445,7
4229;439,9
4230;435,5
4231;415,1
4232;462,3
4233;456,3
4234;452
4235;422,4
4236;418,8
4237;477,7
4238;473,3
4239;469
4240;429,7
4241;426,1
4242;486,8
4243;481,6
4244;447,1
4245;442,8
4246;495,1
4247;489,3
4248;464,6
4249;460,2
4250;456,6
4251;502,8
4252;476,2
4253;472,6
4254;509,1
4255;485
4256;498,1
4257;493,7
4258;502,9
4259;509,7
4260;495,9
4261;505,3
4262;501
4263;492,3
4264;487,9
4265;483,5
4266;479,2
4267;474,8
4268;470,4
4269;466,1
4270;509,7
4271;461,4
4272;456,4
4273;452
4274;447,7
4275;443,3
4276;438,5
4277;496,6
4278;434,6
4279;430,2
4280;425,9
4281;421,5
4282;417,1
4283;412,8
4284;409,7
4285;476,3
4286;471,9
4287;467,5
4288;405,8
4289;400,7
4290;448,6
4291;444,3
4292;439,9
4293;395,6
4294;421
4295;416,7
4296;412,3
4297;390,7
4298;402,1
4299;385,3
4300;396,3
4301;389,1
4302;386,3
4303;388,5
4304;403,6
4305;397,8
4306;393,4
4307;420
4308;414,8
4309;410,4
4310;389,8
4311;435
4312;429,3
4313;425
4314;450,2
4315;445,8
4316;441,4
4317;406,5
4318;402,5
4319;398,5
4320;419,6
4321;415,3
4322;436,1
4323;431,8
4324;427,4
4325;423
4326;410,5
4327;450,2
4328;445,8
4329;441,4
4330;405,6
4331;401,2
4332;396,9
4333;392,5
4334;388,1
4335;383,8
4336;380,7
4337;416,7
4338;377,5
4339;372,1
4340;368,3
4341;410,9
4342;388,6
4343;383,3
4344;378,6
4345;374,2
4346;370,2
4347;403,7
4348;397,9
4349;393,5
4350;429
4351;423,1
4352;418,7
4353;414,3
4354;410
4355;388,4
4356;384
4357;453,5
4358;448,3
4359;443,9
4360;439,5
4361;435,2
4362;475,3
4363;470,1
4364;465,7
4365;461,4
4366;457,5
4367;405,1
4368;400,8
4369;395
4370;429,9
4371;425,5
4372;419,7
4373;479,7
4374;453,1
4375;448,8
4376;444,4
4377;473,5
4378;468,2
4379;483,1
4380;463,7
4381;458,5
4382;454,1
4383;449,7
4384;445,4
4385;441
4386;436,7
4387;432,3
4388;427,9
4389;476,9
4390;471,3
4391;467,7
4392;424,1
4393;418,7
4394;414,4
4395;410
4396;405,6
4397;401,3
4398;396,9
4399;392,6
4400;387,7
4401;483,7
4402;383,7
4403;378,5
4404;374,1
4405;369,8
4406;365,4
4407;361,1
4408;356,7
4409;352,3
4410;347,4
4411;444,4
4412;440,1
4413;435,7
4414;431,3
4415;343,4
4416;338,3
4417;333,6
4418;403,7
4419;399,4
4420;395
4421;390,6
4422;329,7
4423;363
4424;358,6
4425;354,3
4426;349,9
4427;323,9
4428;367
4429;345,2
4430;340,2
4431;335,9
4432;331,5
4433;328,1
4434;408,5
4435;403,3
4436;398,9
4437;394,5
4438;390,2
4439;385,8
4440;381,4
4441;377,1
4442;372,7
4443;360,5
4444;355,3
4445;350,3
4446;449,7
4447;444
4448;439,6
4449;435,2
4450;430,9
4451;426,5
4452;422,2
4453;417,8
4454;413,4
4455;324,5
4456;477,9
4457;473,5
4458;469,2
4459;464,8
4460;460,5
4461;456,1
4462;368,8
4463;364,5
4464;482,3
4465;408,1
4466;403,7
4467;399,4
4468;395
4469;391,4
4470;487
4471;451,7
4472;447,4
4473;443
4474;438,6
4475;432,8
4476;492,1
4477;478,4
4478;473,9
4479;483,4
4480;493,9
4481;489,6
4482;476,1
4483;471,1
4484;466,8
4485;461,9
4486;485,2
4487;480,8
4488;457,9
4489;452,7
4490;448,4
4491;442,7
4492;437,7
4493;433,3
4494;464,8
4495;429
4496;424,6
4497;419,8
4498;453,2
4499;448,9
4500;414
4501;408,1
4502;403,4
4503;438,7
4504;434,3
4505;398,9
4506;394,6
4507;391,2
4508;424,1
4509;419,8
4510;408,2
4511;403,8
4512;392,9
4513;389,3
4514;384,5
4515;379,1
4516;392,2
4517;375,2
4518;370,4
4519;365,1
4520;359,5
4521;380,1
4522;375,8
4523;370,4
4524;385,8
4525;365,3
4526;358,8
4527;401,3
4528;396,1
4529;391,7
4530;432,1
4531;426,1
4532;421,8
4533;417,4
4534;413,1
4535;408,7
4536;404,6
4537;379,1
4538;374,8
4539;460,2
4540;455,2
4541;450,9
4542;446,5
4543;442,1
4544;437,8
4545;384,9
4546;491,1
4547;485,3
4548;480,9
4549;476,6
4550;472,2
4551;467,8
4552;464,2
4553;399,5
4554;395,1
4555;505,6
4556;499,8
4557;496,2
4558;431,5
4559;427,1
4560;422,8
4561;419,1
4562;511,5
4563;459,1
4564;454,7
4565;450,4
4566;517,6
4567;491,1
4568;486,7
4569;482,4
4570;478,7
4571;522,7
4572;504,9
4573;510,7
4574;515,4
4575;498,8
4576;493,5
4577;489,4
4578;524,6
4579;520,2
4580;507,6
4581;502,8
4582;485,3
4583;480
4584;475,6
4585;471,5
4586;466,4
4587;462
4588;457,7
4589;452,6
4590;496,9
4591;492,6
4592;449
4593;444,6
4594;440,2
4595;435,9
4596;431,5
4597;427,2
4598;422,8
4599;418,4
4600;414,3
4601;479,5
4602;475,1
4603;470,8
4604;410,1
4605;404,9
4606;400,5
4607;396,1
4608;391,8
4609;387,4
4610;383,1
4611;378,9
4612;462,1
4613;457,7
4614;453,3
4615;374,1
4616;369
4617;364,6
4618;360,3
4619;355,9
4620;351,6
4621;347,2
4622;342,8
4623;430,1
4624;425,7
4625;421,3
4626;417
4627;338,5
4628;333,1
4629;328,8
4630;324,9
4631;393,2
4632;387,9
4633;383,5
4634;379,7
4635;375,2
4636;370
4637;365,6
4638;361,3
4639;356,9
4640;352,5
4641;348,7
4642;344,3
4643;403,9
4644;399,6
4645;338,5
4646;334,1
4647;328,3
4648;408,3
4649;395,2
4650;390,8
4651;386,5
4652;382,1
4653;377,4
4654;372,4
4655;402,5
4656;398,1
4657;368,1
4658;392,3
4659;387,2
4660;382,1
4661;361,8
4662;355,6
4663;377
4664;371,9
4665;353,8
4666;367,6
4667;392,3
4668;387,9
4669;383,6
4670;361,8
4671;357,4
4672;418,5
4673;414,1
4674;409,8
4675;405,4
4676;401
4677;396,7
4678;378,3
4679;374,9
4680;457,4
4681;452,4
4682;448,1
4683;443,7
4684;439,3
4685;435
4686;430,6
4687;426,2
4688;421,9
4689;496,7
4690;491,7
4691;487,3
4692;483
4693;478,6
4694;474,2
4695;469,9
4696;465,5
4697;462,1
4698;390,9
4699;538,1
4700;532,9
4701;528,5
4702;524,2
4703;519,8
4704;515,4
4705;511,1
4706;506,7
4707;502,4
4708;415,6
4709;411,2
4710;406,9
4711;402,5
4712;549,4
4713;543,6
4714;457,8
4715;453,4
4716;449
4717;443,2
4718;555,9
4719;498,5
4720;494,1
4721;489,8
4722;485,4
4723;481,8
4724;561,7
4725;539,2
4726;534,8
4727;530,5
4728;526,1
4729;521,7
4730;566,8
4731;549,4
4732;555,9
4733;560,5
4734;565,4
4735;555,2
4736;550,9
4737;546,5
4738;542,1
4739;538
4740;559,6
4741;533,4
4742;529
4743;524,7
4744;520,3
4745;516
4746;511,6
4747;506,5
4748;503,2
4749;498
4750;493,7
4751;489,3
4752;484,9
4753;480,6
4754;476,2
4755;471,9
4756;550,9
4757;546,5
4758;542,1
4759;537,8
4760;467,5
4761;463,1
4762;458,8
4763;454,4
4764;450,1
4765;445,7
4766;441,3
4767;437,2
4768;518,9
4769;514,5
4770;510,2
4771;431,6
4772;425,8
4773;421,1
4774;485,4
4775;481,1
4776;476,7
4777;472,4
4778;415,3
4779;409,8
4780;452
4781;447,6
4782;443,3
4783;438,9
4784;404,4
4785;398,6
4786;424,4
4787;420
4788;393,8
4789;388
4790;383,7
4791;412,7
4792;408,4
4793;377,9
4794;372
4795;367,7
4796;363,3
4797;359
4798;354,6
4799;350,2
4800;345,5
4801;401,1
4802;339,7
4803;334,7
4804;330,4
4805;326
4806;321,6
4807;317,3
4808;312,9
4809;308,1
4810;389,5
4811;385,1
4812;302,8
4813;296,9
4814;292,6
4815;288,2
4816;283,8
4817;279,5
4818;275,1
4819;270,7
4820;266,6
4821;361,9
4822;357,5
4823;353,1
4824;348,8
4825;344,4
4826;261,2
4827;256,2
4828;251,8
4829;247,5
4830;243,1
4831;322,6
4832;318,3
4833;313,9
4834;309,5
4835;238,6
4836;284,8
4837;280,5
4838;276,1
4839;271,7
4840;267,4
4841;233
4842;246,1
4843;228,3
4844;239,7
4845;279
4846;274,7
4847;270,3
4848;265,9
4849;261,6
4850;257,2
4851;252,8
4852;235,6
4853;309,2
4854;304,2
4855;299,9
4856;295,5
4857;291,1
4858;286,8
4859;282,4
4860;248,5
4861;244,1
4862;231
4863;226,7
4864;340,1
4865;334,3
4866;329,9
4867;325,6
4868;321,2
4869;316,8
4870;313,2
4871;239,8
4872;276,1
4873;271,8
4874;267,4
4875;308,1
4876;303,7
4877;297,9
4878;341,2
4879;337,6
4880;332,8
4881;329,2
4882;356,1
4883;351,7
4884;347,4
4885;369,6
4886;364,4
4887;360
4888;343
4889;339
4890;382,9
4891;377
4892;372,8
4893;389,6
4894;354,7
4895;350,7
4896;368,1
4897;362,9
4898;358,5
4899;384,5
4900;380,1
4901;375,8
4902;372,1
4903;346
4904;339,8
4905;353,6
4906;335,3
4907;330,9
4908;326,6
4909;321,6
4910;364,5
4911;359,5
4912;317,8
4913;384,4
4914;378,4
4915;374,1
4916;369,7
4917;349,5
4918;343,5
4919;339,2
4920;417,2
4921;412,9
4922;408,5
4923;404,1
4924;399,8
4925;395,4
4926;391
4927;356,1
4928;335,1
4929;330
4930;325,6
4931;321,2
4932;443,4
4933;439
4934;434,7
4935;430,3
4936;425,9
4937;421,6
4938;364,9
4939;360,5
4940;386,7
4941;382,3
4942;378
4943;373,6
4944;370
4945;417,2
4946;412,9
4947;407,5
4948;404,1
4949;443,4
4950;439
4951;434,7
4952;430,3
4953;425,5
4954;421,1
4955;414,3
4956;410
4957;406,7
4958;452,2
4959;446,3
4960;442
4961;437,6
4962;433,2
4963;428,9
4964;424,5
4965;420,2
4966;415,8
4967;412,5
4968;409,3
4969;494,3
4970;488,5
4971;484,1
4972;479,8
4973;475,4
4974;471,1
4975;466,7
4976;462,3
4977;458
4978;536,9
4979;531,6
4980;527,3
4981;522,9
4982;518,6
4983;514,2
4984;509,8
4985;505,5
4986;501,1
4987;569,4
4988;563,6
4989;559,3
4990;554,9
4991;550,6
4992;546,2
4993;541,8
4994;452,2
4995;447,8
4996;443,4
4997;439,1
4998;434,7
4999;497,2
5000;492,9
5001;488,5
5002;484,2
5003;478,3
5004;537
5005;531,4
5006;527,1
5007;523,4
5008;519,8
5009;570
5010;565,6
5011;560,7
5012;556,4
5013;552,3
5014;547,7
5015;543,3
5016;537,4
5017;531,7
5018;527,3
5019;523
5020;518,6
5021;514,2
5022;509,9
5023;505,5
5024;501,1
5025;496,8
5026;492,4
5027;488,1
5028;483,7
5029;482
5030;552,5
5031;478,4
5032;474
5033;469,6
5034;465,3
5035;460,9
5036;456,6
5037;452,2
5038;447,8
5039;443,5
5040;438,4
5041;543,8
5042;434,7
5043;430,4
5044;426
5045;421,7
5046;417,3
5047;412,9
5048;408,6
5049;404,2
5050;399,8
5051;394,8
5052;500,2
5053;495,8
5054;491,5
5055;487,1
5056;482,7
5057;390,8
5058;386,3
5059;457,1
5060;451,5
5061;447,1
5062;442
5063;437,7
5064;431,3
5065;425,6
5066;421,2
5067;416,8
5068;412,9
5069;408,6
5070;404,2
5071;399,9
5072;396,2
5073;485,7
5074;481,3
5075;476,9
5076;472,6
5077;468,2
5078;463,8
5079;459,5
5080;455,1
5081;451
5082;446,4
5083;442
5084;437,7
5085;512,2
5086;507
5087;502,6
5088;498,3
5089;493,9
5090;489,5
5091;434
5092;538
5093;532,2
5094;527,8
5095;523,5
5096;519,1
5097;514,7
5098;554,4
5099;549,2
5100;544,8
5101;484,2
5102;479,9
5103;476,2
5104;560,9
5105;508,9
5106;503,1
5107;567,1
5108;541,7
5109;536,6
5110;532,2
5111;527,8
5112;575
5113;557,5
5114;551,8
5115;546,8
5116;568,6
5117;564,2
5118;542,4
5119;538
5120;533,7
5121;529,3
5122;525
5123;520,6
5124;516,2
5125;511,9
5126;507,5
5127;503,1
5128;498,1
5129;577,3
5130;572,9
5131;559,9
5132;555,5
5133;551,1
5134;494,8
5135;489,6
5136;485,2
5137;480,9
5138;476,5
5139;472,1
5140;467,8
5141;463,4
5142;459
5143;454,7
5144;450,6
5145;546,8
5146;445,7
5147;440,6
5148;436,3
5149;431,9
5150;427,5
5151;423,2
5152;418,8
5153;414,5
5154;411,1
5155;514,3
5156;509
5157;504,6
5158;500,2
5159;482,8
5160;477
5161;472,6
5162;468,3
5163;463,9
5164;459,5
5165;455,2
5166;450,8
5167;495
5168;489,1
5169;445,7
5170;441,4
5171;437
5172;433,4
5173;429
5174;424,6
5175;420,3
5176;415,9
5177;412,3
5178;536,6
5179;532,2
5180;527,9
5181;523,5
5182;519,2
5183;514,8
5184;510,4
5185;506,1
5186;501,7
5187;484,6
5188;479,4
5189;475,1
5190;470,1
5191;497,9
5192;492
5193;487,9
5194;466,8
5195;461
5196;535,2
5197;530,8
5198;526,4
5199;522,1
5200;517,7
5201;513,4
5202;509
5203;504,6
5204;457
5205;451,8
5206;447,4
5207;443,1
5208;438,7
5209;434,4
5210;429,4
5211;482,8
5212;478,5
5213;473,4
5214;426,1
5215;420,8
5216;415,9
5217;468,3
5218;463,9
5219;411,2
5220;406,3
5221;442,1
5222;437,8
5223;433,4
5224;401,9
5225;397,5
5226;417,4
5227;391,8
5228;386,1
5229;407,2
5230;381,1
5231;376,9
5232;398,5
5233;372,7
5234;366,9
5235;389,3
5236;384
5237;362,9
5238;357,8
5239;354,5
5240;379,1
5241;348,4
5242;399,6
5243;394,6
5244;373,4
5245;368,5
5246;436,9
5247;431
5248;426,6
5249;422,3
5250;417,9
5251;413,6
5252;409,2
5253;404,8
5254;388,9
5255;383,3
5256;362,7
5257;357,1
5258;352,7
5259;474,1
5260;469,8
5261;465,4
5262;461,1
5263;456,7
5264;452,3
5265;448
5266;443,6
5267;378,2
5268;348,4
5269;486,8
5270;482,4
5271;478
5272;400,4
5273;395,1
5274;439,3
5275;433,4
5276;429,1
5277;424,7
5278;420,4
5279;416
5280;411,6
5281;407,3
5282;402,9
5283;390,5
5284;472
5285;467,6
5286;463,3
5287;458,9
5288;454,5
5289;450,2
5290;445,8
5291;385
5292;380,6
5293;376,3
5294;371,9
5295;367,5
5296;363,2
5297;358,8
5298;354,4
5299;350,1
5300;345,7
5301;341,4
5302;336,4
5303;396,6
5304;331,1
5305;325,4
5306;321
5307;316,6
5308;312,3
5309;307,9
5310;303,6
5311;299,2
5312;294,8
5313;290,5
5314;286,1
5315;281,5
5316;416
5317;411,6
5318;407,3
5319;402,9
5320;389,8
5321;276,1
5322;272,4
5323;359,3
5324;354,9
5325;350,6
5326;346,2
5327;341,8
5328;337,5
5329;267,2
5330;303,6
5331;298,2
5332;293,9
5333;289,5
5334;285,1
5335;280,8
5336;259,8
5337;256,8
5338;275,3
5339;253,5
5340;249,3
5341;318,6
5342;312,8
5343;308,4
5344;269,9
5345;264,8
5346;370,1
5347;364,2
5348;359,8
5349;355,4
5350;351,1
5351;346,7
5352;342,4
5353;338
5354;333,6
5355;329,3
5356;324,9
5357;304,1
5358;298,7
5359;294,9
5360;290,2
5361;285,9
5362;281,5
5363;259,7
5364;420,4
5365;416
5366;411,7
5367;407,3
5368;402,9
5369;398,6
5370;394,2
5371;389,9
5372;385,5
5373;381,1
5374;376,8
5375;276,4
5376;254,6
5377;251
5378;446,6
5379;442,2
5380;437,8
5381;433,5
5382;429,1
5383;424,8
5384;320,1
5385;315,7
5386;311,3
5387;371,9
5388;366,6
5389;362,2
5390;358,6
5391;355
5392;349,1
5393;419,7
5394;414,6
5395;410,2
5396;405,9
5397;401,5
5398;397,1
5399;392,8
5400;388,4
5401;383,7
5402;443,7
5403;439,3
5404;434,9
5405;430,6
5406;426,2
5407;377,7
5408;370
5409;365,6
5410;361,3
5411;356,9
5412;352,6
5413;349,5
5414;392,8
5415;388,4
5416;384,1
5417;344,4
5418;338,4
5419;349,2
5420;333,9
5421;344,8
5422;339
5423;335,4
5424;344,5
5425;339,7
5426;349,9
5427;336,8
5428;355,5
5429;370,2
5430;364,2
5431;359,9
5432;344,1
5433;385,9
5434;380,7
5435;376,4
5436;350,7
5437;403,4
5438;398,2
5439;393,8
5440;389,9
5441;355
5442;418,4
5443;412,7
5444;408,4
5445;370,5
5446;364,5
5447;385,9
5448;380,7
5449;376,4
5450;360,1
5451;403,5
5452;397,9
5453;393,6
5454;389,9
5455;355,1
5456;349,7
5457;345,4
5458;341
5459;336,6
5460;332,3
5461;327,9
5462;323,5
5463;319,2
5464;314,8
5465;310
5466;419
5467;414,7
5468;410,3
5469;371
5470;366,7
5471;305,6
5472;301,3
5473;296,9
5474;292,5
5475;288,2
5476;283,8
5477;279,4
5478;275,1
5479;270,7
5480;266,4
5481;262
5482;257,6
5483;384,1
5484;379,8
5485;375,4
5486;362,3
5487;253,3
5488;248,9
5489;244,5
5490;240,2
5491;235,8
5492;231,5
5493;225,6
5494;331,8
5495;327,4
5496;323,1
5497;318,7
5498;314,3
5499;310
5500;279,5
5501;275,1
5502;269,3
5503;264,9
5504;260,6
5505;256,2
5506;235,8
5507;230,4
5508;227,1
5509;250,4
5510;244,6
5511;240,9
5512;308,6
5513;302,7
5514;298,4
5515;294
5516;289,6
5517;285,3
5518;280,9
5519;276,6
5520;272,2
5521;267,8
5522;263,5
5523;259,1
5524;255,5
5525;348,9
5526;343,9
5527;339,6
5528;335,2
5529;330,8
5530;326,5
5531;322,1
5532;317,8
5533;314,4
5534;236,6
5535;390
5536;384,2
5537;379,8
5538;375,4
5539;371,1
5540;366,7
5541;362,4
5542;358
5543;353,6
5544;250,4
5545;406
5546;400,2
5547;395,8
5548;310
5549;305,6
5550;301,3
5551;296,9
5552;292,6
5553;422,6
5554;416,7
5555;412,3
5556;347,8
5557;343,5
5558;339,1
5559;333,3
5560;438,3
5561;433,1
5562;428,8
5563;390
5564;385,6
5565;381,3
5566;376,9
5567;373,3
5568;451,1
5569;445,3
5570;440,9
5571;407,4
5572;401,6
5573;423,4
5574;417,6
5575;457,5
5576;433,6
5577;451,1
5578;473,5
5579;467,6
5580;463,2
5581;489,3
5582;484,1
5583;479,7
5584;459,1
5585;506,4
5586;500,5
5587;496,2
5588;491,8
5589;522,9
5590;517
5591;512,7
5592;474,4
5593;470
5594;466,4
5595;484,5
5596;508,5
5597;502
5598;523,8
5599;519,5
5600;514,6
5601;509,3
5602;504,2
5603;501,3
5604;517,7
5605;512,7
5606;526,4
5607;522,4
5608;536,9
5609;531,1
5610;548,6
5611;542,7
5612;518
5613;560,6
5614;555,4
5615;525,3
5616;571,3
5617;565,5
5618;536,9
5619;533,3
5620;577,7
5621;551,5
5622;545,7
5623;582
5624;560,2
5625;556,6
5626;586,8
5627;573,3
5628;569,7
5629;591,1
5630;577,7
5631;581,3
5632;596,6
5633;584
5634;590,8
5635;602,4
5636;597,6
5637;585,3
5638;580,1
5639;575,8
5640;571,4
5641;567
5642;562,7
5643;558,3
5644;553,9
5645;549,6
5646;593
5647;589,3
5648;545,2
5649;540,9
5650;536,5
5651;532,1
5652;527,8
5653;523,4
5654;519
5655;514,7
5656;508,8
5657;503,1
5658;498,7
5659;494,3
5660;490
5661;485,6
5662;481
5663;563,2
5664;558,8
5665;554,4
5666;550,1
5667;476,6
5668;528,3
5669;523,9
5670;519,5
5671;515,2
5672;494,8
5673;490,5
5674;485,6
5675;481,3
5676;477,4
5677;473,4
5678;468,2
5679;464,1
5680;485,4
5681;481
5682;459,9
5683;454,6
5684;450,3
5685;446,1
5686;441
5687;436,7
5688;432,3
5689;471,6
5690;467,2
5691;428
5692;423,6
5693;419,2
5694;414,9
5695;410,5
5696;406,2
5697;401,8
5698;397,4
5699;392,3
5700;454,1
5701;449,8
5702;445,4
5703;389,1
5704;383,9
5705;379,5
5706;375,1
5707;370,8
5708;366,4
5709;362,1
5710;357,7
5711;353,3
5712;349
5713;344,6
5714;340,2
5715;335,9
5716;330,9
5717;436,7
5718;432,3
5719;327,6
5720;322,3
5721;317,9
5722;313,6
5723;309,2
5724;304,9
5725;300,5
5726;296,1
5727;291,8
5728;287,4
5729;283,1
5730;278,7
5731;274,3
5732;269,5
5733;417,8
5734;413,4
5735;409,1
5736;404,7
5737;400,3
5738;396
5739;265,1
5740;260,8
5741;256,4
5742;252
5743;247,7
5744;243,3
5745;238,9
5746;234,6
5747;230,2
5748;225,9
5749;221,5
5750;217,1
5751;212,8
5752;208,7
5753;356,7
5754;352,4
5755;348
5756;343,6
5757;339,3
5758;334,9
5759;204,1
5760;199,7
5761;296,2
5762;290,6
5763;286,5
5764;282,1
5765;277,7
5766;273,4
5767;269
5768;264,7
5769;260,3
5770;255,9
5771;251,6
5772;247,2
5773;242,8
5774;238,2
5775;233,9
5776;229,5
5777;225,1
5778;220,8
5779;216,4
5780;212,4
5781;208,4
5782;316
5783;310,2
5784;305,9
5785;301,5
5786;334,9
5787;329,1
5788;324,8
5789;321,1
5790;295,2
5791;289,9
5792;285,5
5793;281,1
5794;276,8
5795;273,9
5796;269,5
5797;353,5
5798;348,5
5799;344,2
5800;340,8
5801;373,3
5802;367,4
5803;363,1
5804;358,7
5805;316
5806;311,7
5807;305,9
5808;384
5809;379,1
5810;336,4
5811;332
5812;328,4
5813;353,9
5814;348
5815;372,5
5816;366,9
5817;387,3
5818;383,2
5819;378,6
5820;374,2
5821;369,9
5822;365,5
5823;361,1
5824;356,8
5825;352,4
5826;348,3
5827;387,3
5828;383
5829;343,7
5830;339,3
5831;335
5832;330,6
5833;326,3
5834;378,1
5835;321,5
5836;316,6
5837;312,2
5838;307,8
5839;305,2
5840;356,4
5841;351,5
5842;347,1
5843;393,2
5844;387,3
5845;383
5846;371,3
5847;365,5
5848;361,2
5849;340,8
5850;335,2
5851;331,4
5852;327
5853;435,9
5854;430
5855;425,6
5856;421,3
5857;416,9
5858;412,5
5859;408,2
5860;403,8
5861;399,5
5862;378,6
5863;321,9
5864;317,5
5865;313,2
5866;308,8
5867;305,2
5868;460
5869;455,7
5870;451,3
5871;447
5872;442,6
5873;355,4
5874;351
5875;347
5876;395
5877;389,8
5878;385,4
5879;438,7
5880;433,2
5881;428,8
5882;424,4
5883;420,1
5884;415
5885;410,6
5886;406,3
5887;401,9
5888;397,5
5889;380,8
5890;375,7
5891;371,4
5892;367
5893;362,6
5894;358,3
5895;458,6
5896;454,2
5897;449,9
5898;445,5
5899;353,4
5900;349,1
5901;344,7
5902;340,3
5903;336
5904;331,6
5905;327,3
5906;322,9
5907;318,5
5908;314,2
5909;309,8
5910;305,4
5911;301,1
5912;391,7
5913;387,4
5914;295,8
5915;289,9
5916;287,4
5917;367
5918;362,6
5919;358,3
5920;320,1
5921;315,2
5922;310,8
5923;306,4
5924;303
5925;329,2
5926;324,1
5927;298,7
5928;294,3
5929;356,5
5930;351,5
5931;347,1
5932;342,8
5933;338,4
5934;335
5935;384,5
5936;378,7
5937;374,3
5938;369,9
5939;365,6
5940;361,2
5941;319
5942;314,7
5943;413,6
5944;407,7
5945;403,4
5946;399
5947;394,7
5948;390,3
5949;330,7
5950;324,9
5951;433,9
5952;428,1
5953;423,7
5954;419,4
5955;355,4
5956;351
5957;346,7
5958;445,6
5959;439,7
5960;384,5
5961;380,1
5962;374,3
5963;457,6
5964;452,3
5965;413,6
5966;409,2
5967;403,4
5968;468,5
5969;463,5
5970;433,9
5971;430,3
5972;479,4
5973;474,2
5974;448,5
5975;444,1
5976;490,7
5977;484,8
5978;460,1
5979;455,7
5980;500,3
5981;495
5982;470,3
5983;465,9
5984;511,4
5985;506,2
5986;480,5
5987;476,8
5988;524,7
5989;518,8
5990;514,7
5991;487,8
5992;535,7
5993;531,4
5994;500,8
5995;497,2
5996;548,8
5997;544,5
5998;540,1
5999;509,6
6000;561,6
6001;556,6
6002;552,2
6003;527
6004;521,2
6005;574,4
6006;568,7
6007;564,8
6008;535,8
6009;532,1
6010;589,2
6011;584,2
6012;579,9
6013;545,9
6014;602,7
6015;596,8
6016;593,2
6017;559
6018;609
6019;572,6
6020;588,7
6021;582,8
6022;578,4
6023;604,1
6024;599,8
6025;595,4
6026;569,6
6027;564,4
6028;560
6029;575
6030;555,4
6031;550,3
6032;546
6033;541,2
6034;585,2
6035;580,9
6036;539,1
6037;566,3
6038;562
6039;547,4
6040;542,1
6041;538,7
6042;533,3
6043;528,1
6044;523,9
6045;540,2
6046;518,4
6047;532,5
6048;513,3
6049;525,6
6050;540,2
6051;518,1
6052;550,4
6053;545,3
6054;532,4
6055;560,6
6056;555,5
6057;527,1
6058;570,2
6059;564,9
6060;538,7
6061;580,9
6062;576,6
6063;549,4
6064;589,6
6065;585,3
6066;559,1
6067;572,2
6068;567,8
6069;563,5
6070;554,8
6071;545,3
6072;580,9
6073;576,6
6074;550,4
6075;541,7
6076;537,3
6077;532,9
6078;528,6
6079;524,2
6080;519,9
6081;515,5
6082;511,1
6083;506,8
6084;589,7
6085;585,3
6086;559,1
6087;502,1
6088;497,1
6089;492,7
6090;488,4
6091;484
6092;479,6
6093;475,3
6094;470,9
6095;467,9
6096;554,8
6097;546
6098;463,2
6099;457,3
6100;453
6101;448,6
6102;444,3
6103;521,3
6104;517
6105;512,6
6106;508,2
6107;437,9
6108;432,1
6109;483,5
6110;479,2
6111;474,8
6112;470,4
6113;426,5
6114;421,5
6115;448,1
6116;442,8
6117;417
6118;411,8
6119;408,6
6120;436,6
6121;431,7
6122;458,8
6123;453
6124;427,9
6125;422,5
6126;407,2
6127;486,5
6128;480,6
6129;476,3
6130;471,9
6131;467,5
6132;463,9
6133;447,5
6134;441,4
6135;418,1
6136;412,3
6137;509,1
6138;503,4
6139;499,1
6140;494,7
6141;490,8
6142;435,6
6143;458,8
6144;454,5
6145;485
6146;480,6
6147;476,3
6148;509,7
6149;504,4
6150;507,6
6151;502,5
6152;498,1
6153;493,9
6154;531,2
6155;526,2
6156;521,9
6157;517,5
6158;513,2
6159;508,8
6160;504,4
6161;501
6162;553
6163;548,1
6164;543,7
6165;539,3
6166;535,9
6167;496,7
6168;492,3
6169;572,7
6170;567,4
6171;563,1
6172;558,7
6173;579,2
6174;531,6
6175;527,2
6176;523,6
6177;586
6178;554,8
6179;550,5
6180;546,1
6181;592,3
6182;575,9
6183;570,8
6184;566,5
6185;597,8
6186;579,6
6187;585,4
6188;592,3
6189;601
6190;597,4
6191;588
6192;583
6193;578,6
6194;574,3
6195;594,6
6196;568,3
6197;563,1
6198;558,8
6199;554,4
6200;550
6201;545,7
6202;540,7
6203;601,4
6204;535,6
6205;530,7
6206;526,3
6207;521,9
6208;517,6
6209;513,2
6210;508,8
6211;504,5
6212;589,8
6213;585,4
6214;581,1
6215;576,7
6216;572,3
6217;498,8
6218;492,8
6219;488,5
6220;484,1
6221;479,8
6222;475,4
6223;471,3
6224;553,4
6225;549,1
6226;544,7
6227;540,3
6228;518,5
6229;514,2
6230;509,3
6231;505
6232;499,3
6233;493,8
6234;489,5
6235;485,1
6236;481,1
6237;477,8
6238;472
6239;522
6240;516,6
6241;512
6242;507,7
6243;504
6244;528,2
6245;521,5
6246;517,1
6247;512,8
6248;508,4
6249;504,4
6250;499,2
6251;494,8
6252;490,5
6253;486,1
6254;481,7
6255;476,8
6256;530,2
6257;525,8
6258;472,8
6259;467,7
6260;463,3
6261;459
6262;454,6
6263;450,2
6264;445,9
6265;442,6
6266;520
6267;515,7
6268;511,3
6269;437,2
6270;431,3
6271;427
6272;422,6
6273;418,3
6274;413,5
6275;488
6276;483,7
6277;479,3
6278;412
6279;459,8
6280;454,1
6281;449,8
6282;445,4
6283;441
6284;475,3
6285;470,1
6286;465,8
6287;435,7
6288;431,4
6289;427,4
6290;422,6
6291;418,3
6292;501,7
6293;495,8
6294;491,5
6295;487,1
6296;482,7
6297;478,6
6298;460,4
6299;456,1
6300;451,7
6301;508,4
6302;475
6303;502,6
6304;497,5
6305;514,3
6306;493,9
6307;508,9
6308;487,7
6309;482,8
6310;478,4
6311;474
6312;469,7
6313;465,3
6314;504,1
6315;499,7
6316;460,8
6317;455,6
6318;451,3
6319;446,9
6320;442,5
6321;438,2
6322;433,8
6323;493,9
6324;428,1
6325;423,1
6326;418,8
6327;414,4
6328;410,1
6329;405,7
6330;476,5
6331;472,1
6332;467,7
6333;401,4
6334;447,4
6335;443
6336;438,7
6337;434,3
6338;416,9
6339;412,5
6340;408,1
6341;396,5
6342;402,3
6343;389,2
6344;381,6
6345;376,6
6346;372,3
6347;367,4
6348;395,8
6349;362
6350;356,8
6351;352,4
6352;348
6353;343,7
6354;390,7
6355;386,3
6356;338
6357;333
6358;328,7
6359;324,3
6360;319,9
6361;374,7
6362;370,3
6363;366
6364;313,4
6365;350,9
6366;345,2
6367;340,8
6368;309,6
6369;335,8
6370;331,1
6371;326,7
6372;322,4
6373;318
6374;370,9
6375;365
6376;360,7
6377;356,3
6378;314,4
6379;351,5
6380;347,3
6381;343,1
6382;373,3
6383;367,5
6384;363,1
6385;358,7
6386;354,9
6387;348,2
6388;342,8
6389;338,4
6390;334
6391;330,8
6392;325,3
6393;319,5
6394;316,2
6395;310,8
6396;305
6397;301,7
6398;336
6399;330,4
6400;296,8
6401;290,4
6402;321,3
6403;316,1
6404;286,4
6405;281,5
6406;347,7
6407;341,8
6408;326,4
6409;312,2
6410;306,9
6411;302,5
6412;388,9
6413;384
6414;379,6
6415;375,3
6416;370,9
6417;366,5
6418;362,2
6419;357,8
6420;353,4
6421;336,6
6422;331,9
6423;297,7
6424;293,3
6425;432,4
6426;426,6
6427;422,3
6428;417,9
6429;413,5
6430;409,2
6431;404,8
6432;400,5
6433;396,1
6434;392,2
6435;319,5
6436;289
6437;438,8
6438;347,1
6439;342,8
6440;386,8
6441;381,6
6442;377,2
6443;372,8
6444;368,5
6445;364,1
6446;359,8
6447;355,4
6448;351
6449;434,4
6450;430
6451;425,7
6452;421,3
6453;416,2
6454;411,9
6455;407,5
6456;403,1
6457;398,8
6458;394,4
6459;390,8
6460;338,8
6461;333,6
6462;329,2
6463;324,9
6464;320,5
6465;316,1
6466;311,8
6467;307,4
6468;303,1
6469;298,7
6470;294,3
6471;290,2
6472;345,2
6473;284,1
6474;278,3
6475;274
6476;269,6
6477;265,3
6478;260,9
6479;256,5
6480;252,2
6481;248,3
6482;364,6
6483;360,2
6484;355,9
6485;351,5
6486;312,6
6487;307,4
6488;303,1
6489;298,7
6490;294,3
6491;290
6492;325,7
6493;320,5
6494;316,6
6495;285,4
6496;281
6497;276,7
6498;272,3
6499;268,3
6500;264,3
6501;259,9
6502;255,6
6503;249,7
6504;336,4
6505;330,7
6506;312,3
6507;307,9
6508;303,6
6509;299,2
6510;294,1
6511;325,4
6512;321
6513;316,7
6514;290,1
6515;285,1
6516;280,8
6517;276,4
6518;272,1
6519;267,7
6520;264,7
6521;334,1
6522;329,7
6523;259,9
6524;254,1
6525;249,8
6526;245,4
6527;241
6528;236,3
6529;305
6530;300,7
6531;296,3
6532;230,9
6533;225,1
6534;220,7
6535;216,3
6536;275,9
6537;271,6
6538;267,2
6539;210,5
6540;204,7
6541;200
6542;246,9
6543;242,5
6544;237,4
6545;194,5
6546;188,7
6547;184,4
6548;181,1
6549;221,8
6550;216,8
6551;177,6
6552;173,2
6553;168,8
6554;166,2
6555;232,9
6556;227
6557;211,1
6558;205,2
6559;200,8
6560;296,7
6561;291,5
6562;287,1
6563;282,8
6564;278,4
6565;274
6566;269,7
6567;265,3
6568;260,9
6569;256,6
6570;252,2
6571;247,9
6572;243,5
6573;239,1
6574;196
6575;191,6
6576;187,3
6577;182,9
6578;357,8
6579;352,6
6580;348,2
6581;343,8
6582;339,5
6583;335,1
6584;330,7
6585;326,4
6586;322
6587;317,7
6588;313,3
6589;308,9
6590;304,6
6591;300,7
6592;222,7
6593;217,1
6594;178,5
6595;174,2
6596;169,8
6597;166,2
6598;390,5
6599;385,5
6600;381,2
6601;376,8
6602;372,4
6603;368,1
6604;363,7
6605;233,8
6606;229,4
6607;210,5
6608;296,3
6609;292
6610;287,6
6611;283,2
6612;278,9
6613;274,5
6614;270,9
6615;395,6
6616;360,3
6617;356
6618;351,6
6619;347,2
6620;342,9
6621;338,5
6622;334,1
6623;330,5
6624;390
6625;399,6
6626;394,3
6627;386,1
6628;381,2
6629;376,8
6630;373,8
6631;390,9
6632;368,7
6633;363,7
6634;359,4
6635;353,4
6636;348,2
6637;344,3
6638;377,4
6639;372,5
6640;366,2
6641;360,4
6642;356,5
6643;395,8
6644;389,9
6645;385,6
6646;381,2
6647;351,6
6648;345,8
6649;406,9
6650;402,5
6651;376,4
6652;372,4
6653;398,2
6654;393,8
6655;390,2
6656;406,2
